Date,AAPL,AMZN,GOOG,MSFT
1/3/2013,55.41053,258.480011,359.496826,23.555593
1/4/2013,53.867073,259.149994,366.600616,23.114735
1/7/2013,53.550209,268.459991,365.001007,23.071518
1/8/2013,53.694336,266.380005,364.280701,22.950497
1/9/2013,52.855141,266.350006,366.67514,23.08016
1/10/2013,53.510345,265.339996,368.344269,22.8727
1/11/2013,53.182232,267.940002,367.604095,23.192533
1/14/2013,51.286152,272.730011,359.288177,23.244404
1/15/2013,49.668106,271.899994,360.122742,23.521017
1/16/2013,51.729763,268.929993,355.28421,23.374062
1/17/2013,51.381218,270.480011,353.361725,23.555593
1/18/2013,51.107292,272.119995,349.978729,23.555593
1/22/2013,51.594852,270.190002,349.164032,23.469151
1/23/2013,52.539307,268.109985,368.354218,23.866785
1/24/2013,46.047665,273.459991,374.668152,23.884071
1/25/2013,44.962143,283.98999,374.399902,24.100185
1/28/2013,45.979191,276.040009,372.939392,24.126118
1/29/2013,46.841866,260.350006,374.404846,24.212557
1/30/2013,46.694683,272.76001,374.47937,24.074249
1/31/2013,46.557709,265.5,375.403351,23.728479
2/1/2013,46.36657,265,385.294037,24.143406
2/4/2013,45.211544,259.980011,377.057617,23.719833
2/5/2013,46.79792,266.890015,380.395905,23.771704
2/6/2013,46.747833,262.220001,382.596588,23.63339
2/7/2013,49.882107,260.230011,384.474365,23.581528
2/8/2013,50.602283,261.950012,390.147461,23.814926
2/11/2013,51.129639,257.209991,388.682007,24.082897
2/12/2013,49.848011,258.700012,387.827545,24.100185
2/13/2013,49.753197,269.470001,388.900574,24.229847
2/14/2013,49.708454,269.23999,391.364563,24.238489
2/15/2013,49.023434,265.089996,393.883179,24.212557
2/19/2013,49.005325,269.75,400.818054,24.447884
2/20/2013,47.818512,266.410004,393.669556,24.290998
2/21/2013,47.521278,265.940002,395.194641,23.959803
2/22/2013,48.027321,265.420013,397.271149,24.195127
2/25/2013,47.173977,259.869995,392.830017,23.855209
2/26/2013,47.831299,259.359985,392.512085,23.855209
2/27/2013,47.362541,263.25,397.305908,24.238705
2/28/2013,47.02483,264.269989,398.011322,24.22999
3/1/2013,45.860394,265.73999,400.490204,24.360727
3/4/2013,44.750282,273.109985,408.095734,24.535046
3/5/2013,45.93177,275.589996,416.590485,24.709362
3/6/2013,45.347954,273.790009,413.003815,24.482748
3/7/2013,45.872112,273.880005,413.609863,24.526329
3/8/2013,45.993565,274.190002,413.073364,24.404308
3/11/2013,46.64875,271.23999,414.712708,24.290998
3/12/2013,45.643055,274.130005,411.130981,24.325863
3/13/2013,45.634529,275.100006,409.988434,24.334581
3/14/2013,46.076653,265.73999,408.115601,24.526329
3/15/2013,47.265602,261.820007,404.518982,24.439169
3/18/2013,48.550411,257.890015,401.285034,24.491467
3/19/2013,48.419376,256.410004,403.038635,24.561188
3/20/2013,48.162624,257.279999,404.722656,24.683214
3/21/2013,48.231873,253.389999,403.00882,24.500183
3/22/2013,49.209873,257.75,402.536896,24.6222
3/25/2013,49.387787,256.019989,402.204041,24.543756
3/26/2013,49.127838,260.309998,403.585083,24.543756
3/27/2013,48.162624,265.299988,398.736603,24.726788
3/28/2013,47.159058,266.48999,394.528961,24.935972
4/1/2013,45.694187,261.609985,398.006348,24.935972
4/2/2013,45.787945,263.320007,403.893066,25.10157
4/3/2013,46.022331,259.029999,400.495178,24.892389
4/4/2013,45.567406,259.079987,394.966125,24.927254
4/5/2013,45.085869,255.479996,388.994965,25.014416
4/8/2013,45.406548,258.950012,384.921448,24.918541
4/9/2013,45.488579,261.140015,386.312408,25.807558
4/10/2013,46.416504,264.769989,392.536926,26.391516
4/11/2013,46.271622,269.850006,392.641235,25.223593
4/12/2013,45.789009,272.869995,392.472351,25.092857
4/15/2013,44.728985,267.720001,388.438568,25.005695
4/16/2013,45.40974,272.339996,394.121613,25.249744
4/17/2013,42.912548,267.399994,388.751556,25.127722
4/18/2013,41.767284,259.420013,380.480347,25.092857
4/19/2013,41.605354,260.320007,397.350616,25.947004
4/22/2013,42.472557,263.549988,397.469849,26.870886
4/23/2013,43.267307,268.899994,401.339661,26.670425
4/24/2013,43.195934,268.779999,404.096741,27.681456
4/25/2013,43.507019,274.700012,401.935791,27.838343
4/26/2013,44.446663,254.809998,398.120605,27.707603
4/29/2013,45.823101,249.740005,406.883606,28.4223
4/30/2013,47.171841,253.809998,409.620819,28.849375
5/1/2013,46.800037,248.229996,407.564178,28.518173
5/2/2013,47.463753,252.550003,412.124542,28.901676
5/3/2013,47.938904,258.049988,420.127472,29.189299
5/6/2013,49.082027,255.720001,427.991333,29.415909
5/7/2013,48.863625,257.730011,425.845276,29.03241
5/8/2013,49.415493,258.679993,433.99231,28.753504
5/9/2013,51.01022,260.160004,432.924255,28.465876
5/10/2013,50.585846,263.630005,437.270966,28.492027
5/13/2013,50.78352,264.51001,435.929688,28.788364
5/14/2013,49.568485,268.329987,440.683777,29.429079
5/15/2013,47.892227,266.559998,454.985748,29.709944
5/16/2013,48.532135,264.119995,449.014587,29.911819
5/17/2013,48.384708,269.899994,451.652435,30.605186
5/20/2013,49.464622,267.630005,451.329529,30.789518
5/21/2013,49.09943,268.859985,450.554565,30.587633
5/22/2013,49.288166,262.959991,441.836273,30.376995
5/23/2013,49.376404,261.799988,438.542694,29.973251
5/24/2013,49.71254,261.73999,433.838287,30.078583
5/28/2013,49.298222,267.290009,437.787628,30.736851
5/29/2013,49.690205,265.529999,431.349487,30.613966
5/30/2013,50.430611,266.829987,432.566559,30.745615
5/31/2013,50.224026,269.200012,432.795074,30.631519
6/3/2013,50.334583,266.880005,431.011688,31.237135
6/4/2013,50.177113,265.700012,426.774231,30.710516
6/5/2013,49.708073,267.170013,427.072296,30.526196
6/6/2013,48.965431,267.829987,429.526337,30.684189
6/7/2013,49.33955,276.869995,437.022583,31.307341
6/10/2013,49.013451,281.070007,442.233704,31.131804
6/11/2013,48.869389,274.779999,437.062317,30.578871
6/12/2013,48.265221,271.670013,433.172638,30.719296
6/13/2013,48.68623,275.790009,435.666412,30.473534
6/14/2013,48.026234,273.98999,434.692749,30.19268
6/17/2013,48.243999,278.059998,440.261536,30.719296
6/18/2013,48.218319,281.76001,447.400085,30.701742
6/19/2013,47.238911,278.160004,447.429901,30.359434
6/20/2013,46.550999,273.440002,439.511414,29.39398
6/21/2013,46.177994,273.359985,437.618713,29.200874
6/24/2013,44.954037,270.609985,432.084717,29.59584
6/25/2013,44.964077,272.089996,430.3013,29.551958
6/26/2013,44.454842,277.570007,434.002228,30.148783
6/27/2013,43.975746,277.549988,435.701172,30.385771
6/28/2013,44.282856,277.690002,437.340515,30.315554
7/1/2013,45.700024,282.100006,441.071259,30.157572
7/2/2013,46.735256,283.730011,438.30426,29.788933
7/3/2013,46.99324,284.029999,440.350952,29.850372
7/5/2013,46.615765,285.880005,443.858124,30.025915
7/8/2013,46.351101,290.589996,449.620636,30.131235
7/9/2013,47.166321,291.529999,449.69516,30.148783
7/10/2013,46.985416,292.329987,450.067749,30.455982
7/11/2013,47.718018,299.660004,457.146698,31.3249
7/12/2013,47.630898,307.549988,458.517792,31.307341
7/15/2013,47.734756,306.570007,459.35733,31.746189
7/16/2013,48.042988,306.869995,456.83374,31.833965
7/17/2013,48.055279,308.690002,456.307159,31.368786
7/18/2013,48.217205,304.109985,452.397583,31.105478
7/19/2013,47.456684,305.230011,445.403076,27.559591
7/22/2013,47.608566,303.480011,452.407532,28.094992
7/23/2013,46.791103,301.059998,448.979828,27.928225
7/24/2013,49.194363,298.940002,448.532715,28.051102
7/25/2013,48.969887,303.399994,440.981842,27.550819
7/26/2013,49.247967,312.01001,439.814423,27.752687
7/29/2013,50.007366,306.100006,438.284393,27.68247
7/30/2013,50.624939,302.410004,442.581421,27.954556
7/31/2013,50.536705,301.220001,441.006683,27.945776
8/1/2013,51.000156,305.570007,449.188477,27.79657
8/2/2013,51.654587,304.209991,450.355865,27.989662
8/5/2013,52.42627,300.98999,449.575928,27.822905
8/6/2013,51.957214,300.75,445.388184,27.717581
8/7/2013,51.927071,296.910004,442.447296,28.13887
8/8/2013,53.961407,295.73999,443.445801,28.867359
8/9/2013,53.193562,297.26001,442.328094,28.700598
8/12/2013,54.704689,296.690002,439.893921,28.849804
8/13/2013,57.304371,293.970001,437.777679,28.487413
8/14/2013,58.349628,291.339996,432.094635,28.593481
8/15/2013,58.280575,286.470001,427.052429,28.098505
8/16/2013,58.797932,284.820007,425.68631,28.107346
8/19/2013,59.431183,285.570007,430.028076,27.744955
8/20/2013,58.650459,287.089996,429.913818,27.948248
8/21/2013,58.801445,284.570007,431.856201,27.939409
8/22/2013,58.87167,289.730011,434.032043,28.628834
8/23/2013,58.644596,290.01001,432.293335,30.714787
8/26/2013,58.872845,286.209991,430.395691,30.184462
8/27/2013,57.189667,280.929993,422.328156,29.397816
8/28/2013,57.460041,281.579987,421.533325,29.185678
8/29/2013,57.553684,283.980011,424.951111,29.654133
8/30/2013,57.029301,280.980011,420.713654,29.521549
9/3/2013,57.188484,288.799988,427.410095,28.178057
9/4/2013,58.371876,293.640015,432.998749,27.577023
9/5/2013,57.971546,294.100006,436.938141,27.60354
9/6/2013,58.316849,295.859985,436.948059,27.532822
9/9/2013,59.247417,299.709991,441.155701,27.983601
9/10/2013,57.897804,300.359985,441.463715,28.628834
9/11/2013,54.74564,299.640015,445.199402,28.938194
9/12/2013,55.328552,298.859985,443.644531,28.893999
9/13/2013,54.416737,297.920013,441.662415,29.194519
9/16/2013,52.686726,296.059998,441.011658,28.991226
9/17/2013,53.295391,304.170013,440.191986,29.106125
9/18/2013,54.390984,312.029999,448.741364,29.450836
9/19/2013,55.282909,312.059998,446.292297,29.733681
9/20/2013,54.710537,316.339996,448.637054,28.982388
9/23/2013,57.429626,311.48999,440.385712,28.938194
9/24/2013,57.249359,314.130005,440.554626,28.681866
9/25/2013,56.363281,312.649994,435.78067,28.7349
9/26/2013,56.912243,318.119995,436.24762,28.964708
9/27/2013,56.506096,316.01001,435.363373,29.406641
9/30/2013,55.803791,312.640015,435.124939,29.415483
10/1/2013,57.115917,320.950012,440.634094,29.680655
10/2/2013,57.303196,320.51001,441.125916,29.981167
10/3/2013,56.58334,314.76001,435.214355,29.928139
10/4/2013,56.53886,319.040009,433.356445,29.945812
10/7/2013,57.091335,310.029999,430.072784,29.433165
10/8/2013,56.294216,303.230011,424.076782,29.17684
10/9/2013,56.955563,298.230011,425.164703,29.229876
10/10/2013,57.312565,305.170013,431.314728,29.839748
10/11/2013,57.683609,310.890015,433.177612,30.166788
10/14/2013,58.061687,310.700012,435.224274,30.449631
10/15/2013,58.370701,306.399994,438.155212,30.484987
10/16/2013,58.65514,310.48999,446.113464,30.617565
10/17/2013,59.051937,310.769989,441.523315,30.865053
10/18/2013,59.565788,328.929993,502.437134,30.900402
10/21/2013,61.02541,326.440002,498.408325,30.926914
10/22/2013,60.85099,332.540009,500.246368,30.564528
10/23/2013,61.446785,326.76001,512.372498,29.839748
10/24/2013,62.260284,332.209991,509.461456,29.804392
10/25/2013,61.563847,363.390015,504.319885,31.580988
10/28/2013,62.022671,358.160004,504.22052,31.439569
10/29/2013,60.477608,362.700012,514.771912,31.395376
10/30/2013,61.43977,361.079987,511.880707,31.413054
10/31/2013,61.18224,364.029999,511.960205,31.298151
11/1/2013,60.86974,359,510.20163,31.404211
11/4/2013,61.656311,358.73999,509.739624,31.766609
11/5/2013,61.50415,358.890015,507.459473,32.385323
11/6/2013,63.556316,356.179993,508.070496,33.74649
11/7/2013,62.527794,343.559998,500.718323,33.145454
11/8/2013,63.51239,350.309998,504.732208,33.392948
11/11/2013,63.328152,354.380005,502.029785,33.225006
11/12/2013,63.445282,349.529999,502.620941,33.021709
11/13/2013,63.52095,356.220001,512.899109,33.728809
11/14/2013,64.439667,367.399994,514.270142,33.605072
11/15/2013,64.052887,369.170013,513.440552,33.445965
11/18/2013,63.276924,366.179993,512.442078,32.880302
11/19/2013,63.389168,364.940002,509.287567,32.719994
11/20/2013,62.834023,362.570007,507.851898,33.022789
11/21/2013,63.583153,368.920013,513.693909,33.30777
11/22/2013,63.41967,372.309998,512.610962,33.45916
11/25/2013,63.90036,376.640015,519.585571,33.521511
11/26/2013,65.078964,381.369995,525.785278,33.263245
11/27/2013,66.611382,386.709991,528.120117,33.485889
11/29/2013,67.844879,393.619995,526.37146,33.957901
12/2/2013,67.254379,392.299988,523.832947,34.242878
12/3/2013,69.095459,384.660004,523.226929,34.118206
12/4/2013,68.93441,385.959991,525.671021,34.679268
12/5/2013,69.288246,384.48999,525.253723,33.842117
12/6/2013,68.326805,386.950012,531.478271,34.162727
12/9/2013,69.108879,384.890015,535.586548,34.474426
12/10/2013,69.001526,387.779999,538.825439,33.94009
12/11/2013,68.49028,382.190002,535.164246,33.494789
12/12/2013,68.390251,381.25,531.522949,33.147461
12/13/2013,67.644798,384.23999,526.96759,32.675457
12/16/2013,68.019371,388.970001,533.023193,32.853569
12/17/2013,67.713127,387.649994,531.473267,32.524052
12/18/2013,67.198242,395.959991,538.870178,32.577492
12/19/2013,66.428375,395.190002,539.600403,32.283604
12/20/2013,66.984726,402.200012,546.753906,32.773422
12/23/2013,69.55542,402.920013,553.947083,32.613125
12/24/2013,69.260162,399.200012,552.327637,33.022789
12/26/2013,68.800194,404.390015,555.119507,33.343395
12/27/2013,68.33535,398.079987,555.586426,33.209812
12/30/2013,67.655769,393.369995,551.145325,33.209812
12/31/2013,68.44883,398.790009,556.734009,33.316677
1/2/2014,67.486176,397.970001,552.963501,33.094032
1/3/2014,66.003777,396.440002,548.929749,32.871384
1/6/2014,66.363701,393.630005,555.049927,32.176739
1/7/2014,65.889114,398.029999,565.750366,32.426094
1/8/2014,66.306381,401.920013,566.927673,31.847221
1/9/2014,65.459641,401.01001,561.468201,31.642389
1/10/2014,65.022835,397.660004,561.438354,32.096584
1/13/2014,65.363243,390.980011,557.861633,31.152563
1/14/2014,66.663857,397.540009,570.986267,31.865026
1/15/2014,68.002266,395.869995,570.598816,32.737797
1/16/2014,67.622818,395.799988,574.374268,32.853569
1/17/2014,65.965965,399.609985,571.547607,32.399384
1/21/2014,66.990822,407.049988,578.090088,32.212349
1/22/2014,67.288521,404.540009,578.745789,31.998613
1/23/2014,67.858315,399.869995,576.301697,32.114388
1/24/2014,66.624802,387.600006,558.283875,32.782333
1/27/2014,67.165314,386.279999,547.056946,32.087673
1/28/2014,61.796963,394.429993,557.876526,32.301414
1/29/2014,61.095417,384.200012,549.883545,32.648743
1/30/2014,60.977062,403.01001,564.02655,32.826859
1/31/2014,61.077103,358.690002,586.669312,33.699623
2/3/2014,61.190567,346.149994,563.052856,32.488434
2/4/2014,62.076363,347.950012,565.402588,32.372662
2/5/2014,62.539982,346.450012,567.906311,31.900644
2/6/2014,65.247871,354.589996,576.232178,32.221256
2/7/2014,66.160698,361.079987,584.91571,32.559685
2/10/2014,67.34597,360.869995,582.675232,32.773422
2/11/2014,68.233299,361.790009,591.244507,33.102936
2/12/2014,68.228233,349.25,589.510803,33.370113
2/13/2014,69.311623,357.200012,596.07312,33.494789
2/14/2014,69.255623,357.350006,597.513733,33.503704
2/18/2014,69.510231,353.649994,601.527649,33.575478
2/19/2014,68.412819,347.380005,597.285217,33.656235
2/20/2014,67.620949,349.799988,598.16449,33.871582
2/21/2014,66.869812,346.76001,598.005554,34.077953
2/24/2014,67.162636,351.779999,602.337402,33.817738
2/25/2014,66.463692,358.320007,606.058167,33.683147
2/26/2014,65.864059,359.799988,606.142639,33.620342
2/27/2014,67.17791,360.130005,605.66571,33.970272
2/28/2014,66.995827,362.100006,603.897217,34.374043
3/3/2014,67.189369,359.779999,597.459106,33.898491
3/4/2014,67.632393,363.899994,603.529602,34.463764
3/5/2014,67.774994,372.369995,605.193787,34.194599
3/6/2014,67.57003,372.160004,605.864441,34.230488
3/7/2014,67.530548,372.059998,603.470032,34.006165
3/10/2014,67.591652,370.529999,601.870422,33.934383
3/11/2014,68.249847,368.820007,596.117798,34.113834
3/12/2014,68.316055,370.640015,599.749207,34.33815
3/13/2014,67.557289,371.51001,590.688171,33.997192
3/14/2014,66.798523,373.73999,582.610657,33.826717
3/17/2014,67.059509,375.040009,592.198303,34.140751
3/18/2014,67.652779,378.769989,601.716431,35.486649
3/19/2014,67.634964,373.230011,595.750244,35.235405
3/20/2014,67.309036,368.970001,594.711975,36.186508
3/21/2014,67.839905,360.619995,587.697571,36.033966
3/24/2014,68.644524,351.850006,575.223694,36.339043
3/25/2014,69.382919,354.709991,575.61615,36.195477
3/26/2014,68.719627,343.410004,562.327576,35.701988
3/27/2014,68.424263,338.470001,555.406067,35.316166
3/28/2014,68.347893,338.290009,556.927734,36.159588
3/31/2014,68.332603,336.369995,553.924255,36.778709
4/1/2014,68.957703,342.98999,564.058533,37.164524
4/2/2014,69.072289,341.959991,563.899353,37.101719
4/3/2014,68.593613,333.619995,566.62439,36.796635
4/4/2014,67.706261,323,540.169861,35.773766
4/7/2014,66.643211,317.76001,535.207153,35.710957
4/8/2014,66.639374,327.070007,551.86554,35.728909
4/9/2014,67.515274,331.809998,561.054993,36.31213
4/10/2014,66.644478,317.109985,537.991821,35.316166
4/11/2014,66.151787,311.730011,527.698425,35.181576
4/14/2014,66.415321,315.910004,529.60791,35.154655
4/15/2014,65.941719,316.079987,533.50647,35.666096
4/16/2014,66.075401,323.679993,553.496582,36.249313
4/17/2014,66.830345,324.910004,533.168335,35.89938
4/21/2014,67.623489,330.869995,525.729248,35.836575
4/22/2014,67.690956,329.320007,531.885437,35.881443
4/23/2014,66.80616,324.579987,524.058472,35.612259
4/24/2014,72.283058,337.149994,522.288208,35.764797
4/25/2014,72.813927,303.829987,513.3573,35.809658
4/28/2014,75.633858,296.579987,514.32196,36.671028
4/29/2014,75.409798,300.380005,524.81427,36.348011
4/30/2014,75.124626,304.130005,523.779968,36.249313
5/1/2014,75.301582,307.890015,528.444336,35.890408
5/2/2014,75.441628,308.01001,525.04303,35.612259
5/5/2014,76.508484,310.049988,524.923706,35.378979
5/6/2014,75.674606,297.380005,512.322998,35.046997
5/7/2014,75.409798,292.709991,507.171295,35.369995
5/8/2014,77.885483,288.320007,508.205627,35.567394
5/9/2014,77.560959,292.23999,515.893311,35.477665
5/12/2014,78.526588,302.859985,527.022156,35.863495
5/13/2014,78.649788,304.640015,530.174805,36.523113
5/14/2014,78.664345,297.619995,523.77002,36.360477
5/15/2014,77.995438,295.190002,517.136536,35.782166
5/16/2014,79.146515,297.700012,517.782959,35.98999
5/19/2014,80.08432,296.76001,525.967957,35.917709
5/20/2014,80.100212,301.190002,526.872986,35.854465
5/21/2014,80.312164,305.01001,535.992798,36.459858
5/22/2014,80.439331,304.910004,542.079346,36.233967
5/23/2014,81.348,312.23999,549.677551,36.252026
5/27/2014,82.871315,310.820007,562.855103,36.315289
5/28/2014,82.656731,310.160004,558.608459,36.152641
5/29/2014,84.162796,313.779999,557.017212,36.450829
5/30/2014,83.847534,312.549988,556.828247,36.992985
6/2/2014,83.271339,308.839996,550.900879,36.857437
6/3/2014,84.448914,307.190002,541.960022,36.405643
6/4/2014,85.413208,306.779999,541.681519,36.432751
6/5/2014,85.748337,323.570007,550.871033,37.236954
6/6/2014,85.512581,329.670013,553.28772,37.480915
6/9/2014,86.880882,327.5,559.046082,37.291168
6/10/2014,87.390854,332.410004,557.484619,37.146595
6/11/2014,87.029251,335.200012,555.783997,36.920696
6/12/2014,85.573494,325.910004,548.334961,36.66769
6/13/2014,84.636986,326.269989,548.742737,37.255024
6/16/2014,85.490044,327.619995,541.30365,37.499001
6/17/2014,85.378777,325.619995,540.040588,37.661636
6/18/2014,85.471512,334.380005,550.343933,37.634537
6/19/2014,85.174797,327,551.86554,37.508026
6/20/2014,84.29393,324.200012,553.317566,37.661636
6/23/2014,84.219749,327.23999,561.860596,37.94175
6/24/2014,83.709801,324.160004,561.53241,37.724888
6/25/2014,83.783936,327.440002,575.485657,37.977894
6/26/2014,84.284676,325.690002,572.850159,37.697784
6/27/2014,85.286057,324.570007,574.083374,38.176682
6/30/2014,86.166939,324.779999,572.134094,37.679714
7/1/2014,86.713982,332.390015,579.483704,37.833321
7/2/2014,86.676888,332.850006,579.150513,37.860432
7/3/2014,87.186874,337.48999,581.53241,37.770069
7/7/2014,88.985687,333.549988,579.065979,37.94175
7/8/2014,88.410805,323.809998,567.967041,37.752003
7/9/2014,88.447891,329.970001,572.929749,37.652596
7/10/2014,88.12336,327.920013,567.976929,37.670673
7/11/2014,88.29026,346.200012,576.012756,38.032112
7/14/2014,89.430748,355.320007,581.671631,38.077286
7/15/2014,88.383003,354.440002,581.582153,38.357403
7/16/2014,87.882294,355.899994,579.473755,39.830257
7/17/2014,86.315277,352.450012,570.59259,40.23687
7/18/2014,87.557755,358.660004,591.825806,40.381443
7/21/2014,87.103439,359.76001,586.246521,40.516979
7/22/2014,87.826653,360.839996,591.487671,40.50795
7/23/2014,90.11689,358.140015,592.720886,40.544083
7/24/2014,89.968544,358.609985,590.105286,40.119408
7/25/2014,90.561958,324.01001,585.79895,40.209763
7/28/2014,91.813713,320.410004,587.3703,39.730862
7/29/2014,91.220299,320,582.407593,39.658573
7/30/2014,91.007019,322.51001,584.207703,39.378464
7/31/2014,88.642609,312.98999,568.474243,38.998959
8/1/2014,89.134033,307.059998,562.974487,38.727879
8/4/2014,88.633331,313.649994,570.015747,39.188713
8/5/2014,88.19754,312.320007,561.979919,38.926659
8/6/2014,88.049202,313.890015,563.276794,38.619446
8/7/2014,88.039871,311.450012,560.279297,39.062206
8/8/2014,88.282135,316.799988,565.659729,39.035099
8/11/2014,89.446953,318.329987,564.774536,39.035099
8/12/2014,89.428314,319.320007,559.65271,39.324257
8/13/2014,90.61174,326.279999,571.636841,39.830257
8/14/2014,90.854004,333.209991,571.507568,40.00193
8/15/2014,91.301308,333.630005,570.343933,40.471806
8/18/2014,92.400871,334.529999,578.976501,40.760952
8/19/2014,93.677475,335.130005,583.650757,41.215572
8/20/2014,93.71476,335.779999,581.293762,40.870064
8/21/2014,93.724068,332.910004,580.179871,41.115551
8/22/2014,94.413635,331.589996,579.374268,41.05191
8/25/2014,94.618637,334.019989,577.027222,41.070084
8/26/2014,94.012939,341.829987,574.700012,40.92461
8/27/2014,95.168411,343.179993,567.877502,40.797325
8/28/2014,95.280251,340.019989,566.087341,40.806412
8/29/2014,95.513176,339.040009,568.474243,41.306503
9/2/2014,96.258659,342.380005,574.172913,40.997349
9/3/2014,92.195854,339,574.779541,40.87915
9/4/2014,91.431755,345.950012,578.797485,41.151928
9/5/2014,92.223808,346.380005,582.875061,41.742931
9/8/2014,91.655396,342.339996,586.495117,42.252102
9/9/2014,91.310616,329.75,577.832764,42.515781
9/10/2014,94.115448,331.329987,579.911316,42.588512
9/11/2014,94.516129,330.519989,578.170898,42.73399
9/12/2014,94.730461,331.190002,572.472229,42.461224
9/15/2014,94.702477,323.890015,569.966003,42.042976
9/16/2014,93.984978,327.76001,576.778564,42.515781
9/17/2014,94.655922,324,581.572205,42.297562
9/18/2014,94.851601,325,586.047607,42.443039
9/19/2014,94.078171,331.320007,592.820374,43.206787
9/22/2014,94.171349,324.5,584.157959,42.788544
9/23/2014,95.643654,323.630005,577.952087,42.333927
9/24/2014,94.814316,328.209991,584.774597,42.806736
9/25/2014,91.198814,321.929993,571.915283,41.86113
9/26/2014,93.882469,323.209991,573.944153,42.197548
9/29/2014,93.286087,321.820007,573.208191,42.224815
9/30/2014,93.882469,322.440002,574.202698,42.152081
10/1/2014,92.41951,317.459991,565.162415,41.733841
10/2/2014,93.090416,318.410004,566.962524,41.606533
10/3/2014,92.829514,322.73999,572.134094,41.906597
10/6/2014,92.829514,322.200012,574.192749,41.906597
10/7/2014,92.018806,316.980011,560.657227,41.397415
10/8/2014,93.929092,322.700012,569.369324,42.533962
10/9/2014,94.134064,315.369995,557.812866,41.688377
10/10/2014,93.863831,311.390015,541.512451,40.033554
10/13/2014,93.006561,306.450012,530.294128,39.688061
10/14/2014,92.018806,308.309998,534.998291,39.760796
10/15/2014,90.891273,305.970001,527.131531,39.297092
10/16/2014,89.698524,302.859985,521.641724,38.860664
10/17/2014,91.012421,303.640015,508.374695,39.669868
10/20/2014,92.959969,306.209991,517.991821,40.079033
10/21/2014,95.485252,315.329987,523.660645,40.806412
10/22/2014,95.969803,312.970001,529.796875,40.351803
10/23/2014,97.68438,313.179993,541.005249,40.933704
10/24/2014,98.047798,287.059998,536.828247,41.942963
10/27/2014,97.94529,289.970001,537.812805,41.742931
10/28/2014,99.464172,295.589996,545.898376,42.270283
10/29/2014,100.023285,294.119995,546.325989,42.388481
10/30/2014,99.687836,299.070007,547.300659,41.870224
10/31/2014,100.638283,305.459991,556.022705,42.688526
11/3/2014,101.942863,305.720001,552.183777,43.134045
11/4/2014,101.197388,302.809998,551.079895,43.252254
11/5/2014,101.439667,296.519989,542.934631,43.515923
11/6/2014,101.72979,296.640015,539.075867,44.279686
11/7/2014,102.019913,299.859985,538.051514,44.261497
11/10/2014,101.851456,305.109985,544.496094,44.452438
11/11/2014,102.665672,312.01001,547.280762,44.434258
11/12/2014,104.116295,311.51001,544.317078,44.352428
11/13/2014,105.585594,316.480011,542.397583,45.10709
11/14/2014,106.858391,327.820007,541.422974,45.079815
11/17/2014,106.680573,323.049988,533.576111,44.970707
11/18/2014,108.065674,324.929993,532.104187,44.595566
11/19/2014,107.316971,326.540009,534.053467,44.119785
11/20/2014,108.851807,330.540009,531.905273,44.558968
11/21/2014,109.001556,332.630005,534.560669,43.900188
11/24/2014,111.023064,335.640015,536.321045,43.54335
11/25/2014,110.059097,335.040009,538.121094,43.433556
11/26/2014,111.369316,333.570007,537.414978,43.689739
11/28/2014,111.303802,338.640015,538.867004,43.744652
12/1/2014,107.69133,326,530.88092,44.485767
12/2/2014,107.279541,326.309998,530.831177,44.339375
12/3/2014,108.496193,316.5,528.41449,43.991688
12/4/2014,108.084389,316.929993,534.371765,44.687057
12/5/2014,107.625816,312.630005,522.387634,44.302776
12/8/2014,105.192535,306.640015,524.098206,43.643993
12/9/2014,106.802246,312.5,530.453308,43.54335
12/10/2014,104.771408,305.839996,523.183228,42.912018
12/11/2014,104.462563,307.359985,525.450806,43.159073
12/12/2014,102.693748,307.320007,515.82373,42.957771
12/15/2014,101.28994,306.070007,510.990295,42.701588
12/16/2014,99.904823,295.059998,492.680969,41.319981
12/17/2014,102.394249,298.880005,502.129028,41.850662
12/18/2014,105.426498,297.730011,508.305054,43.479301
12/19/2014,104.612289,299.899994,513.526367,43.607403
12/22/2014,105.697906,306.540009,521.999756,43.900188
12/23/2014,105.323563,306.290009,527.688477,44.330231
12/24/2014,104.827553,303.029999,525.878418,44.046589
12/26/2014,106.680573,309.089996,531.10968,43.808685
12/29/2014,106.605721,312.040009,527.429932,43.41526
12/30/2014,105.30484,310.299988,527.519409,43.02182
12/31/2014,103.302063,310.350006,523.521423,42.500294
1/2/2015,102.319397,308.519989,521.937744,42.783936
1/5/2015,99.43689,302.190002,511.057617,42.390499
1/6/2015,99.446251,295.290009,499.212799,41.768314
1/7/2015,100.840714,298.420013,498.357513,42.299
1/8/2015,104.715256,300.459991,499.928864,43.54335
1/9/2015,104.827553,296.929993,493.454498,43.177368
1/12/2015,102.244522,291.410004,489.854309,42.637531
1/13/2015,103.152313,294.73999,493.464447,42.417942
1/14/2015,102.759262,293.269989,498.128784,42.051949
1/15/2015,99.970337,286.950012,499.043732,41.612778
1/16/2015,99.193558,290.73999,505.299316,42.308151
1/20/2015,101.748512,289.440002,504.125763,42.445385
1/21/2015,102.525291,297.25,515.204773,42.01535
1/22/2015,105.192535,310.320007,531.465332,43.122463
1/23/2015,105.735344,312.390015,536.994873,43.168217
1/26/2015,105.847649,309.660004,532.280823,43.012672
1/27/2015,102.141586,306.75,515.791565,39.032551
1/28/2015,107.915932,303.910004,507.208801,37.687553
1/29/2015,111.275742,311.779999,507.865204,38.437828
1/30/2015,109.647324,354.529999,531.594604,36.964733
2/2/2015,111.023064,364.470001,525.587646,37.769901
2/3/2015,111.041771,363.549988,526.343506,38.062695
2/4/2015,111.893402,364.75,519.898987,38.282288
2/5/2015,112.692047,373.890015,524.692566,38.840408
2/6/2015,111.743088,374.279999,528.093872,38.803814
2/9/2015,112.485352,370.559998,524.941223,38.75806
2/10/2015,114.646355,373,534.001343,38.977657
2/11/2015,117.333511,375.140015,533.036682,38.776367
2/12/2015,118.818039,377.170013,539.958557,39.425991
2/13/2015,119.400589,381.829987,546.00531,40.139671
2/17/2015,120.105263,375.429993,539.86908,40.158104
2/18/2015,120.94149,373.369995,536.746277,40.112026
2/19/2015,120.687782,379,539.901306,40.084385
2/20/2015,121.674324,383.660004,536.000366,40.416119
2/23/2015,124.96283,380.140015,528.998901,40.683338
2/24/2015,124.182976,378.589996,533.156006,40.628059
2/25/2015,121.007233,385.369995,540.893433,40.5359
2/26/2015,122.538734,384.799988,552.43988,40.600414
2/27/2015,120.697182,380.160004,555.343933,40.406895
3/2/2015,121.289131,385.660004,568.213074,40.43454
3/3/2015,121.542801,384.609985,570.500488,39.881657
3/4/2015,120.772346,382.720001,570.231995,39.678921
3/5/2015,118.77108,387.829987,572.181274,39.725006
3/6/2015,118.949585,380.089996,564.578125,39.033886
3/9/2015,119.45697,378.559998,565.736694,39.48542
3/10/2015,116.985886,369.51001,551.972473,38.729805
3/11/2015,114.853058,366.369995,548.163452,38.683731
3/12/2015,116.929497,374.23999,552.469727,37.79911
3/13/2015,116.121483,370.579987,544.324585,38.13084
3/16/2015,117.399284,373.350006,551.47522,38.296715
3/17/2015,119.362991,371.920013,547.825317,38.42572
3/18/2015,120.706596,375.140015,556.437866,39.162903
3/19/2015,119.795204,373.23999,554.936157,38.969395
3/20/2015,118.291885,378.48999,557.293213,39.513065
3/23/2015,119.522736,375.109985,555.751648,39.49464
3/24/2015,119.034157,374.089996,567.069397,39.53149
3/25/2015,115.924164,370.959991,555.726807,38.204563
3/26/2015,116.732201,367.350006,552.131592,37.974194
3/27/2015,115.802032,370.559998,545.338989,37.75304
3/30/2015,118.733505,374.589996,549.008789,37.743828
3/31/2015,116.910706,372.100006,545.000854,37.467381
4/1/2015,116.741592,370.26001,539.590576,37.522671
4/2/2015,117.746933,372.25,532.59906,37.126427
4/6/2015,119.654259,377.040009,533.827332,38.287498
4/7/2015,118.395248,374.410004,534.080933,38.269054
4/8/2015,118.01001,381.200012,538.645813,38.167706
4/9/2015,118.912003,383.540009,537.820374,38.222996
4/10/2015,119.419373,382.649994,537.054565,38.444145
4/13/2015,119.184486,382.359985,536.219177,38.481003
4/14/2015,118.667725,385.109985,527.487183,38.379646
4/15/2015,119.118713,383.450012,529.617859,38.941742
4/16/2015,118.54557,386.040009,530.87854,38.849598
4/17/2015,117.21138,375.559998,521.181885,38.35199
4/20/2015,119.889153,389.51001,532.44989,39.540703
4/21/2015,119.240868,391.179993,531.049988,39.291912
4/22/2015,120.847511,389.799988,536.413086,39.614433
4/23/2015,121.834076,389.98999,544.006287,39.936943
4/24/2015,122.407204,445.100006,561.967468,44.111248
4/27/2015,124.633965,438.559998,555.369995,44.258686
4/28/2015,122.670296,429.309998,553.679993,45.29995
4/29/2015,120.866318,429.369995,549.080017,45.207809
4/30/2015,117.587212,421.779999,537.340027,44.820786
5/1/2015,121.157585,422.869995,537.900024,44.839214
5/4/2015,120.922684,423.040009,540.780029,44.452202
5/5/2015,118.197945,421.190002,530.799988,43.86245
5/6/2015,117.455666,419.100006,524.219971,42.646095
5/7/2015,118.182167,426.880005,530.700012,43.033119
5/8/2015,120.408821,433.690002,538.219971,44.000668
5/11/2015,119.182259,432.850006,535.700012,43.650505
5/12/2015,118.75769,431.019989,529.039978,43.632084
5/13/2015,118.889786,426.869995,529.619995,43.890095
5/14/2015,121.663658,432.279999,538.400024,44.894505
5/15/2015,121.493835,426,533.849976,44.507484
5/18/2015,122.833603,425.23999,532.299988,44.240257
5/19/2015,122.720383,421.709991,537.359985,44.12896
5/20/2015,122.71093,423.859985,539.27002,44.12896
5/21/2015,123.96579,431.630005,542.51001,43.980556
5/22/2015,125.050819,427.630005,540.109985,43.498276
5/26/2015,122.295799,425.470001,532.320007,43.210766
5/27/2015,124.579063,431.420013,539.789978,44.156792
5/28/2015,124.33374,426.570007,539.780029,44.008389
5/29/2015,122.91851,429.230011,532.109985,43.461182
6/1/2015,123.163811,430.920013,533.98999,43.804333
6/2/2015,122.6166,430.98999,539.179993,43.516834
6/3/2015,122.76754,436.589996,540.309998,43.451908
6/4/2015,122.050491,430.779999,536.700012,42.997444
6/5/2015,121.380615,426.950012,533.330017,42.793407
6/8/2015,120.578629,423.5,526.830017,42.413147
6/9/2015,120.220108,425.480011,526.690002,42.33894
6/10/2015,121.597626,430.769989,536.690002,43.229317
6/11/2015,121.324005,432.970001,534.609985,43.071632
6/12/2015,119.984238,429.920013,532.330017,42.635727
6/15/2015,119.748367,423.670013,527.200012,42.181278
6/16/2015,120.389938,427.26001,528.150024,42.505894
6/17/2015,120.106895,427.809998,529.26001,42.635727
6/18/2015,120.654121,439.390015,536.72998,43.331337
6/19/2015,119.446442,434.920013,536.690002,42.756306
6/22/2015,120.399376,436.290009,538.190002,42.876881
6/23/2015,119.85215,445.98999,540.47998,42.580086
6/24/2015,120.871132,440.839996,537.840027,42.32967
6/25/2015,120.295593,440.100006,535.22998,42.33894
6/26/2015,119.587975,438.100006,531.690002,41.977234
6/29/2015,117.493423,429.859985,521.52002,41.151779
6/30/2015,118.34256,434.089996,520.51001,40.947735
7/1/2015,119.446442,437.390015,521.840027,41.225986
7/2/2015,119.295486,437.709991,523.400024,41.179611
7/6/2015,118.880356,436.040009,522.859985,41.170334
7/7/2015,118.587868,436.720001,525.02002,41.086861
7/8/2015,115.644165,429.700012,516.830017,41.031212
7/9/2015,113.285416,434.390015,520.679993,41.290905
7/10/2015,116.314041,443.51001,530.130005,41.374374
7/13/2015,118.559563,455.570007,546.549988,42.236927
7/14/2015,118.512383,465.570007,561.099976,42.311123
7/15/2015,119.654015,461.190002,560.219971,42.440964
7/16/2015,121.248528,475.480011,579.849976,43.275681
7/17/2015,122.295799,483.01001,672.929993,43.238586
7/20/2015,124.607368,488.100006,663.02002,43.516834
7/21/2015,123.361961,488,662.299988,43.850719
7/22/2015,118.144432,488.269989,662.099976,42.236927
7/23/2015,118.087807,482.179993,644.280029,42.765575
7/24/2015,117.465096,529.419983,623.559998,42.607914
7/27/2015,115.832848,531.409973,627.26001,42.060696
7/28/2015,116.408379,526.030029,628,42.051426
7/29/2015,116.040428,529,631.929993,42.932526
7/30/2015,115.45546,536.76001,632.590027,43.479733
7/31/2015,114.445923,536.150024,625.609985,43.31279
8/3/2015,111.747543,535.030029,631.210022,43.414814
8/4/2015,108.162247,531.900024,629.25,44.091858
8/5/2015,108.879303,537.01001,643.780029,44.12896
8/6/2015,109.116234,529.460022,642.679993,43.238586
8/7/2015,109.48587,522.619995,635.299988,43.349895
8/10/2015,113.466499,524,633.72998,43.897095
8/11/2015,107.561905,527.460022,660.780029,43.043823
8/12/2015,109.220497,525.909973,659.559998,43.349895
8/13/2015,109.135193,529.659973,656.450012,43.340611
8/14/2015,109.902893,531.52002,657.119995,43.591026
8/17/2015,111.040215,535.219971,660.869995,43.887817
8/18/2015,110.41468,535.02002,656.130005,44.130543
8/19/2015,109.002518,532.919983,660.900024,43.514385
8/20/2015,106.765793,515.780029,646.830017,42.627476
8/21/2015,100.235687,494.470001,612.47998,40.209496
8/24/2015,97.733597,463.369995,589.609985,38.911812
8/25/2015,98.321205,466.369995,582.059998,37.782173
8/26/2015,103.960411,500.769989,628.619995,39.873405
8/27/2015,107.02169,518.369995,637.609985,40.984371
8/28/2015,107.372368,518.01001,630.380005,41.012379
8/31/2015,106.870049,512.890015,618.25,40.629608
9/1/2015,102.093315,496.540009,597.789978,39.042507
9/2/2015,106.471985,510.549988,614.340027,40.480232
9/3/2015,104.604881,504.720001,606.25,40.610939
9/4/2015,103.562332,499,600.700012,39.780045
9/8/2015,106.44355,517.539978,614.659973,40.975029
9/9/2015,104.39637,516.890015,612.719971,40.209496
9/10/2015,106.689964,522.23999,621.349976,40.414883
9/11/2015,108.244316,529.440002,625.77002,40.592258
9/14/2015,109.286827,521.380005,623.23999,40.181484
9/15/2015,110.206169,522.369995,635.140015,41.059059
9/16/2015,110.329376,527.390015,635.97998,41.357807
9/17/2015,107.969444,538.869995,642.900024,41.311119
9/18/2015,107.524002,540.26001,629.25,40.592258
9/21/2015,109.192062,548.390015,635.440002,41.18042
9/22/2015,107.476608,538.400024,622.690002,40.984371
9/23/2015,108.348557,536.070007,622.359985,40.956364
9/24/2015,108.993042,533.75,625.799988,40.993702
9/25/2015,108.718178,524.25,611.969971,41.021709
9/28/2015,106.56675,504.059998,594.890015,40.414883
9/29/2015,103.363312,496.070007,594.969971,40.55492
9/30/2015,104.538551,511.890015,608.419983,41.320454
10/1/2015,103.856148,520.719971,611.289978,41.647213
10/2/2015,104.614357,532.539978,626.909973,42.543453
10/5/2015,104.993469,543.679993,641.469971,43.533054
10/6/2015,105.495781,537.47998,645.440002,43.645081
10/7/2015,104.993469,541.940002,642.359985,43.691757
10/8/2015,103.780327,533.159973,639.159973,44.298599
10/9/2015,106.263466,539.799988,643.609985,43.981174
10/12/2015,105.77063,550.190002,646.669983,43.878479
10/13/2015,105.950699,548.900024,652.299988,43.775791
10/14/2015,104.453232,544.830017,651.159973,43.579731
10/15/2015,106.017059,562.440002,661.73999,43.887814
10/16/2015,105.239891,570.76001,662.200012,44.35461
10/19/2015,105.893852,573.150024,666.099976,44.457302
10/20/2015,107.827286,560.880005,650.280029,44.597343
10/21/2015,107.817802,555.77002,642.609985,44.065201
10/22/2015,109.466919,563.909973,651.789978,44.840069
10/23/2015,112.859917,599.030029,702,49.35862
10/26/2015,109.258415,608.609985,712.780029,50.646969
10/27/2015,108.566544,611.01001,708.48999,50.124161
10/28/2015,113.039986,617.099976,712.950012,50.394901
10/29/2015,114.234177,626.549988,716.919983,49.816078
10/30/2015,113.25798,625.900024,710.809998,49.143898
11/2/2015,114.850227,628.349976,721.109985,49.704052
11/3/2015,116.16761,625.309998,722.159973,50.553623
11/4/2015,115.627396,640.950012,728.109985,50.78701
11/5/2015,115.094368,655.650024,731.25,50.768337
11/6/2015,115.227623,659.369995,733.76001,51.272465
11/9/2015,114.761238,655.48999,724.890015,50.56295
11/10/2015,111.144302,659.679993,728.320007,49.956112
11/11/2015,110.516113,673.25,735.400024,50.086823
11/12/2015,110.14489,665.599976,731.22998,49.77874
11/13/2015,106.927734,642.349976,717,49.33062
11/16/2015,108.679085,647.809998,728.960022,50.198845
11/17/2015,108.2127,643.299988,725.299988,49.785309
11/18/2015,111.639236,663.539978,740,50.612396
11/19/2015,113.057449,661.27002,738.409973,50.696991
11/20/2015,113.552414,668.450012,756.599976,50.931961
11/23/2015,112.077087,678.98999,755.97998,50.931961
11/24/2015,113.152649,671.150024,748.280029,50.988346
11/25/2015,112.343605,675.340027,748.150024,50.462013
11/27/2015,112.134209,673.26001,750.26001,50.687584
11/30/2015,112.600594,664.799988,742.599976,51.082333
12/1/2015,111.686836,679.059998,767.039978,51.900036
12/2/2015,110.67791,676.01001,762.380005,51.890629
12/3/2015,109.64994,666.25,752.539978,50.941353
12/4/2015,113.29541,672.640015,766.809998,52.548538
12/7/2015,112.581558,669.830017,763.25,52.454559
12/8/2015,112.533966,677.330017,762.369995,52.43576
12/9/2015,110.049706,664.789978,751.609985,51.674458
12/10/2015,110.573204,662.320007,749.460022,51.947021
12/11/2015,107.727272,640.150024,738.869995,50.809772
12/14/2015,107.060997,657.909973,747.77002,51.824844
12/15/2015,105.166855,658.640015,743.400024,51.881233
12/16/2015,105.975899,675.77002,758.090027,52.755314
12/17/2015,103.729607,670.650024,749.429993,52.35117
12/18/2015,100.921738,664.140015,739.309998,50.875565
12/21/2015,102.159111,664.51001,747.77002,51.533482
12/22/2015,102.063919,663.150024,750,52.022213
12/23/2015,103.377434,663.700012,750.309998,52.463955
12/24/2015,102.825378,662.789978,748.400024,52.322975
12/28/2015,101.673683,675.200012,762.51001,52.58614
12/29/2015,103.50116,693.969971,776.599976,53.150063
12/30/2015,102.14959,689.070007,771,52.924496
12/31/2015,100.188835,675.890015,758.880005,52.144402
1/4/2016,100.274513,636.98999,741.840027,51.50528
1/5/2016,97.761681,633.789978,742.580017,51.74025
1/6/2016,95.848511,632.650024,743.619995,50.800369
1/7/2016,91.803276,607.940002,726.390015,49.033405
1/8/2016,92.288696,607.049988,714.469971,49.183784
1/11/2016,93.783073,617.73999,716.030029,49.155582
1/12/2016,95.144165,617.890015,726.070007,49.606724
1/13/2016,92.69799,581.809998,700.559998,48.535267
1/14/2016,94.725372,593,714.719971,49.916889
1/15/2016,92.450516,570.179993,694.450012,47.924355
1/19/2016,92.003166,574.47998,701.789978,47.52021
1/20/2016,92.1269,571.77002,698.450012,47.736374
1/21/2016,91.6605,575.02002,706.590027,47.445007
1/22/2016,96.533836,596.380005,725.25,49.146187
1/25/2016,94.649239,596.530029,711.669983,48.676247
1/26/2016,95.172729,601.25,713.039978,49.033405
1/27/2016,88.91925,583.349976,699.98999,48.140522
1/28/2016,89.556976,635.349976,730.960022,48.930016
1/29/2016,92.650391,587,742.950012,51.777847
2/1/2016,91.784241,574.809998,752,51.420685
2/2/2016,89.928192,552.099976,764.650024,49.813496
2/3/2016,91.708099,531.070007,726.950012,49.024002
2/4/2016,92.444969,536.26001,708.01001,48.873627
2/5/2016,89.975929,502.130005,683.570007,47.144253
2/8/2016,90.923355,488.100006,682.73999,46.439339
2/9/2016,90.904213,482.070007,678.109985,46.317158
2/10/2016,90.215187,490.480011,684.119995,46.721306
2/11/2016,89.669716,503.820007,683.109985,46.702507
2/12/2016,89.947243,507.079987,682.400024,47.463802
2/16/2016,92.483246,521.099976,691,48.363098
2/17/2016,93.899597,534.099976,708.400024,49.622116
2/18/2016,92.119606,525,697.349976,49.404385
2/19/2016,91.90905,534.900024,700.909973,49.054134
2/22/2016,92.712921,559.5,706.460022,49.839836
2/23/2016,90.617134,552.940002,695.849976,48.448303
2/24/2016,91.966469,554.039978,699.559998,48.618687
2/25/2016,92.598099,555.150024,705.75,49.319191
2/26/2016,92.741638,555.22998,705.070007,48.56189
2/29/2016,92.531113,552.52002,697.77002,48.16431
3/1/2016,96.205925,579.039978,718.809998,49.773579
3/2/2016,96.416466,580.210022,718.849976,50.123825
3/3/2016,97.134209,577.48999,712.419983,49.555847
3/4/2016,98.579269,575.140015,710.890015,49.252926
3/7/2016,97.488304,562.799988,695.159973,48.306305
3/8/2016,96.68441,560.26001,693.969971,48.893219
3/9/2016,96.770554,559.469971,705.23999,50.019699
3/10/2016,96.81839,558.929993,712.820007,49.271862
3/11/2016,97.861526,569.609985,726.820007,50.237423
3/14/2016,98.110329,573.369995,730.48999,50.332088
3/15/2016,100.081726,577.02002,728.330017,50.72966
3/16/2016,101.411957,574.27002,736.090027,51.4491
3/17/2016,101.24926,559.440002,737.780029,51.74255
3/18/2016,101.364082,552.080017,737.599976,50.635002
3/21/2016,101.354515,553.97998,742.090027,50.985256
3/22/2016,102.129684,560.47998,740.75,51.18404
3/23/2016,101.565056,569.630005,738.059998,51.089382
3/24/2016,101.12484,582.950012,735.299988,51.31657
3/28/2016,100.665497,579.869995,733.530029,50.682335
3/29/2016,103.048386,593.859985,744.77002,51.789883
3/30/2016,104.847527,598.690002,750.530029,52.11174
3/31/2016,104.302032,593.640015,744.950012,52.282135
4/1/2016,105.259033,598.5,749.909973,52.603992
4/4/2016,106.340446,593.190002,745.289978,52.471458
4/5/2016,105.086777,586.140015,737.799988,51.647892
4/6/2016,106.187309,602.080017,745.690002,52.177998
4/7/2016,103.871399,591.429993,740.280029,51.55323
4/8/2016,103.986237,594.599976,739.150024,51.515362
4/11/2016,104.330734,595.929993,736.099976,51.41124
4/12/2016,105.689674,603.169983,743.090027,51.733093
4/13/2016,107.220863,614.820007,751.719971,52.395729
4/14/2016,107.278267,620.75,753.200012,52.405197
4/15/2016,105.125053,625.890015,759,52.679718
4/18/2016,102.856995,635.349976,766.609985,53.44648
4/19/2016,102.311501,627.900024,753.929993,53.380211
4/20/2016,102.522049,632.98999,752.669983,52.622921
4/21/2016,101.411957,631,759.140015,52.802773
4/22/2016,101.134422,620.5,718.77002,49.016273
4/25/2016,100.560219,626.200012,723.150024,49.328659
4/26/2016,99.86161,616.880005,708.140015,48.694424
4/27/2016,93.612503,606.570007,705.840027,48.221107
4/28/2016,90.751106,602,691.02002,47.236614
4/29/2016,89.707985,659.590027,693.01001,47.208221
5/2/2016,89.612282,683.849976,698.210022,47.908718
5/3/2016,91.086044,671.320007,692.359985,47.12302
5/4/2016,90.138626,670.900024,695.700012,47.208221
5/5/2016,89.772751,659.090027,701.429993,47.274479
5/6/2016,89.272095,673.950012,711.119995,47.700459
5/9/2016,89.3395,679.75,712.900024,47.397541
5/10/2016,89.946068,703.070007,723.179993,48.296841
5/11/2016,89.069908,713.22998,715.289978,48.325237
5/12/2016,86.980591,717.929993,713.309998,48.760681
5/13/2016,87.153908,709.919983,710.830017,48.353634
5/16/2016,90.388962,710.659973,716.48999,49.06361
5/17/2016,90.013474,695.27002,706.22998,48.148483
5/18/2016,91.043686,697.450012,706.630005,48.434467
5/19/2016,90.69706,698.52002,700.320007,47.967369
5/20/2016,91.679131,702.799988,709.73999,48.253342
5/23/2016,92.844124,696.75,704.23999,47.690929
5/24/2016,94.259468,704.200012,720.090027,49.177998
5/25/2016,95.915504,708.349976,725.27002,49.68322
5/26/2016,96.676132,714.909973,724.119995,49.463966
5/27/2016,96.618355,712.23999,732.659973,49.873863
5/31/2016,96.146599,722.789978,735.719971,50.522068
6/1/2016,94.798653,719.440002,734.150024,50.379086
6/2/2016,94.086182,728.23999,730.400024,50.02639
6/3/2016,94.278725,725.539978,722.340027,49.368645
6/6/2016,94.962318,726.72998,716.549988,49.692749
6/7/2016,95.34745,723.73999,716.650024,49.664146
6/8/2016,95.260803,726.640015,728.280029,49.606956
6/9/2016,95.944397,727.650024,728.580017,49.206593
6/10/2016,95.154907,717.909973,719.409973,49.073135
6/13/2016,93.720306,715.23999,718.359985,47.795784
6/14/2016,93.835823,719.299988,718.27002,47.500282
6/15/2016,93.527725,714.26001,718.919983,47.366825
6/16/2016,93.922485,717.51001,710.359985,48.034092
6/17/2016,91.785042,706.390015,691.719971,47.786259
6/20/2016,91.563599,714.01001,693.710022,47.729061
6/21/2016,92.343475,715.820007,695.940002,48.796696
6/22/2016,91.996872,710.599976,697.460022,48.606052
6/23/2016,92.526405,722.080017,701.869995,49.483032
6/24/2016,89.926819,698.960022,675.219971,47.500282
6/27/2016,88.617378,691.359985,668.26001,46.16573
6/28/2016,90.109749,707.950012,680.039978,47.128513
6/29/2016,90.889633,715.599976,684.109985,48.17709
6/30/2016,92.045006,715.619995,692.099976,48.77763
7/1/2016,92.324219,725.679993,699.210022,48.768101
7/5/2016,91.45768,728.099976,694.950012,48.77763
7/6/2016,91.977615,737.609985,697.77002,48.977814
7/7/2016,92.372368,736.570007,695.359985,48.977814
7/8/2016,93.084846,745.809998,705.630005,49.854797
7/11/2016,93.373688,753.780029,715.090027,50.131245
7/12/2016,93.797318,748.210022,720.640015,50.722256
7/13/2016,93.267769,742.630005,716.97998,51.008224
7/14/2016,95.116379,741.200012,720.950012,51.227474
7/15/2016,95.106743,735.440002,719.849976,51.189346
7/18/2016,96.117714,736.070007,733.780029,51.437187
7/19/2016,96.156219,739.950012,736.960022,50.607864
7/20/2016,96.242867,745.719971,741.190002,53.296017
7/21/2016,95.732582,744.429993,738.630005,53.191166
7/22/2016,94.991211,744.859985,742.73999,53.925163
7/25/2016,93.720306,739.609985,739.77002,54.077679
7/26/2016,93.075211,735.590027,738.419983,54.106274
7/27/2016,99.121674,736.669983,741.77002,53.562927
7/28/2016,100.459991,752.609985,745.909973,53.581997
7/29/2016,100.334824,758.809998,768.789978,54.030018
8/1/2016,102.106415,767.73999,772.880005,53.934696
8/2/2016,100.594788,760.580017,771.070007,53.934696
8/3/2016,101.856071,754.640015,773.179993,54.306458
8/4/2016,102.485298,760.77002,771.609985,54.706829
8/5/2016,104.043823,765.97998,782.219971,55.250172
8/8/2016,104.905365,766.559998,781.76001,55.345501
8/9/2016,105.331291,768.309998,784.26001,55.478958
8/10/2016,104.547203,768.559998,784.679993,55.307373
8/11/2016,104.479439,771.23999,784.849976,55.574284
8/12/2016,104.721436,772.559998,783.219971,55.23111
8/15/2016,105.979889,768.48999,782.440002,55.402695
8/16/2016,105.88308,764.039978,777.140015,55.095749
8/17/2016,105.728195,764.630005,779.909973,55.210857
8/18/2016,105.592674,764.460022,777.5,55.249226
8/19/2016,105.863716,757.309998,775.419983,55.268402
8/22/2016,105.040901,759.47998,772.150024,55.31636
8/23/2016,105.370033,762.450012,772.080017,55.527386
8/24/2016,104.576241,757.25,769.640015,55.584938
8/25/2016,104.130951,759.219971,769.409973,55.795956
8/26/2016,103.521088,769,769.539978,55.661674
8/29/2016,103.404922,771.289978,772.150024,55.728817
8/30/2016,102.611137,767.580017,769.090027,55.527386
8/31/2016,102.707939,769.159973,767.049988,55.114937
9/1/2016,103.317795,770.619995,768.780029,55.239632
9/2/2016,104.285843,772.440002,771.460022,55.31636
9/6/2016,104.256783,788.869995,780.080017,55.25882
9/7/2016,104.895683,784.47998,780.349976,55.306778
9/8/2016,102.146477,784.059998,775.320007,55.086159
9/9/2016,99.832893,760.140015,759.659973,53.915955
9/12/2016,102.069046,771.48999,769.02002,54.721672
9/13/2016,104.498795,761.01001,759.690002,54.222897
9/14/2016,108.196663,761.090027,762.48999,53.963917
9/15/2016,111.875175,769.690002,771.76001,54.855953
9/16/2016,111.245972,778.52002,768.880005,54.913509
9/19/2016,109.948807,775.099976,765.700012,54.606571
9/20/2016,109.939125,780.219971,771.409973,54.491467
9/21/2016,109.919762,789.73999,776.219971,55.402695
9/22/2016,110.955559,804.700012,787.210022,55.460243
9/23/2016,109.106613,805.75,786.900024,55.086159
9/26/2016,109.271187,799.159973,774.210022,54.577797
9/27/2016,109.474457,816.109985,783.01001,55.584938
9/28/2016,110.306976,828.719971,781.559998,55.661674
9/29/2016,108.593559,829.049988,775.01001,55.057388
9/30/2016,109.435753,837.309998,777.289978,55.249226
10/3/2016,108.922684,836.73999,772.559998,55.076565
10/4/2016,109.387352,834.030029,776.429993,54.903919
10/5/2016,109.435753,844.359985,776.469971,55.287594
10/6/2016,110.248878,841.659973,776.859985,55.383514
10/7/2016,110.413445,839.429993,775.080017,55.441059
10/10/2016,112.339836,841.710022,785.940002,55.671268
10/11/2016,112.581856,831,783.070007,54.855953
10/12/2016,113.588593,834.090027,786.140015,54.779221
10/13/2016,113.240112,829.280029,778.190002,54.596977
10/14/2016,113.869324,822.960022,778.530029,55.076565
10/17/2016,113.791885,812.950012,779.960022,54.884727
10/18/2016,113.714439,817.650024,795.26001,55.306778
10/19/2016,113.375626,817.690002,801.5,55.182076
10/20/2016,113.317543,810.320007,796.969971,54.913509
10/21/2016,112.872246,818.98999,799.369995,57.225151
10/24/2016,113.88868,838.090027,813.109985,58.51046
10/25/2016,114.469498,835.179993,807.669983,58.500877
10/26/2016,111.894531,822.590027,799.070007,58.15556
10/27/2016,110.820038,818.359985,795.349976,57.647194
10/28/2016,110.08432,776.320007,795.369995,57.426579
10/31/2016,109.91008,789.820007,784.539978,57.474541
11/1/2016,107.925621,785.409973,783.609985,57.35944
11/2/2016,108.022415,765.559998,768.700012,57.004539
11/3/2016,106.864563,767.030029,762.130005,56.793514
11/4/2016,105.901283,755.049988,762.02002,56.313923
11/7/2016,107.428894,784.929993,782.52002,57.954128
11/8/2016,108.061333,787.75,790.51001,58.00209
11/9/2016,107.886208,771.880005,785.309998,57.714333
11/10/2016,104.879639,742.380005,762.559998,56.304333
11/11/2016,105.50235,739.01001,754.02002,56.611271
11/14/2016,102.855804,719.070007,736.080017,55.748001
11/15/2016,104.218002,743.23999,758.48999,56.848866
11/16/2016,107.020233,746.48999,764.47998,57.602089
11/17/2016,106.981316,756.400024,771.22998,58.558098
11/18/2016,107.088348,760.159973,760.539978,58.278053
11/21/2016,108.713264,780,769.200012,58.770542
11/22/2016,108.781372,785.330017,768.27002,59.021614
11/23/2016,108.226761,780.119995,760.98999,58.32634
11/25/2016,108.771629,780.369995,761.679993,58.451866
11/28/2016,108.557579,766.77002,768.23999,58.529121
11/29/2016,108.450546,762.52002,770.840027,58.992641
11/30/2016,107.535919,750.570007,758.039978,58.191135
12/1/2016,106.533737,743.650024,747.919983,57.167526
12/2/2016,106.932678,740.340027,750.5,57.215813
12/5/2016,106.163994,759.359985,762.52002,58.152519
12/6/2016,106.981316,764.719971,759.109985,57.891785
12/7/2016,108.03215,770.419983,771.190002,59.263035
12/8/2016,109.092728,767.330017,776.419983,58.91539
12/9/2016,110.873322,768.659973,789.289978,59.84243
12/12/2016,110.240868,760.119995,789.27002,60.035564
12/13/2016,112.079834,774.340027,796.099976,60.817753
12/14/2016,112.079834,768.820007,797.070007,60.528057
12/15/2016,112.692825,761,797.849976,60.431488
12/16/2016,112.838768,757.77002,790.799988,60.161095
12/19/2016,113.490685,766,794.200012,61.435783
12/20/2016,113.792313,771.219971,796.419983,61.358532
12/21/2016,113.899338,770.599976,794.559998,61.358532
12/22/2016,113.150139,766.340027,791.26001,61.368191
12/23/2016,113.373917,760.590027,789.909973,61.068832
12/27/2016,114.093948,771.400024,791.549988,61.107452
12/28/2016,113.607445,772.130005,785.049988,60.827412
12/29/2016,113.578247,765.150024,782.789978,60.740505
12/30/2016,112.692825,749.869995,771.820007,60.006588
1/3/2017,113.013916,753.669983,786.140015,60.431488
1/4/2017,112.887413,757.179993,786.900024,60.161095
1/5/2017,113.461502,780.450012,794.02002,60.161095
1/6/2017,114.726402,795.98999,806.150024,60.68256
1/9/2017,115.777237,796.919983,806.650024,60.489429
1/10/2017,115.893997,795.900024,804.789978,60.470112
1/11/2017,116.516708,799.02002,807.909973,61.020542
1/12/2017,116.030212,813.640015,806.359985,60.460461
1/13/2017,115.825882,817.140015,807.880005,60.547371
1/17/2017,116.759972,809.719971,804.609985,60.383205
1/18/2017,116.750229,807.47998,806.070007,60.35424
1/19/2017,116.545898,809.039978,802.174988,60.161095
1/20/2017,116.759972,808.330017,805.02002,60.585999
1/23/2017,116.837799,817.880005,819.309998,60.798439
1/24/2017,116.730774,822.440002,823.869995,61.339222
1/25/2017,118.589195,836.52002,835.669983,61.493729
1/26/2017,118.647583,839.150024,832.150024,62.063461
1/27/2017,118.657303,835.77002,823.309998,63.521629
1/30/2017,118.345947,830.380005,802.320007,62.893936
1/31/2017,118.073517,823.47998,796.789978,62.430424
2/1/2017,125.273705,832.349976,795.695007,61.39716
2/2/2017,125.059654,839.950012,798.530029,61.001232
2/3/2017,125.594803,810.200012,801.48999,61.493729
2/6/2017,126.772125,807.640015,801.340027,61.455097
2/7/2017,127.97863,812.5,806.969971,61.252308
2/8/2017,128.474869,819.710022,808.380005,61.165401
2/9/2017,129.403229,821.359985,809.559998,61.860672
2/10/2017,129.110077,827.460022,813.669983,61.802742
2/13/2017,130.253418,836.530029,819.23999,62.49802
2/14/2017,131.944016,836.390015,820.450012,62.731186
2/15/2017,132.422836,842.700012,818.97998,62.692322
2/16/2017,132.266495,844.140015,824.159973,62.682602
2/17/2017,132.628067,845.070007,828.070007,62.779758
2/21/2017,133.585724,856.440002,831.659973,62.653461
2/22/2017,133.986389,855.609985,830.76001,62.527164
2/23/2017,133.419601,852.190002,831.330017,62.779758
2/24/2017,133.546661,845.23999,828.640015,62.779758
2/27/2017,133.810471,848.640015,829.280029,62.400871
2/28/2017,133.86911,845.039978,823.210022,62.157986
3/1/2017,136.605331,853.080017,835.23999,63.090652
3/2/2017,135.79425,848.909973,830.630005,62.187134
3/3/2017,136.595566,849.880005,829.080017,62.420296
3/6/2017,136.165573,846.609985,827.780029,62.43972
3/7/2017,136.341476,846.02002,831.909973,62.566029
3/8/2017,135.833344,850.5,835.369995,63.139221
3/9/2017,135.520599,853,838.679993,62.886627
3/10/2017,135.970139,852.460022,843.25,63.080929
3/13/2017,136.028748,854.590027,845.539978,62.867195
3/14/2017,135.823547,852.530029,845.619995,62.575741
3/15/2017,137.260071,852.969971,847.200012,62.906059
3/16/2017,137.484818,853.419983,848.780029,62.799194
3/17/2017,136.800797,852.309998,852.119995,63.022644
3/20/2017,138.237305,856.969971,848.400024,63.080929
3/21/2017,136.65419,843.200012,830.460022,62.381435
3/22/2017,138.198212,848.059998,829.590027,63.178082
3/23/2017,137.709579,847.380005,817.580017,63.022644
3/24/2017,137.435974,845.609985,814.429993,63.129513
3/27/2017,137.670532,846.820007,819.51001,63.24609
3/28/2017,140.523987,856,820.919983,63.430676
3/29/2017,140.8367,874.320007,831.409973,63.605545
3/30/2017,140.651016,876.340027,831.5,63.838726
3/31/2017,140.387177,886.539978,829.559998,63.98444
4/3/2017,140.426254,891.51001,838.549988,63.683281
4/4/2017,141.471878,906.830017,834.570007,63.858162
4/5/2017,140.738983,909.280029,831.409973,63.692989
4/6/2017,140.387177,898.280029,827.880005,63.858162
4/7/2017,140.074463,894.880005,824.669983,63.809586
4/10/2017,139.908325,907.039978,824.72998,63.663845
4/11/2017,138.403427,902.359985,823.349976,63.615269
4/12/2017,138.56955,896.22998,824.320007,63.372387
4/13/2017,137.836624,884.669983,823.559998,63.100357
4/17/2017,138.598862,901.98999,837.169983,63.615269
4/18/2017,137.9832,903.780029,836.820007,63.52784
4/19/2017,137.475052,899.200012,838.210022,63.187805
4/20/2017,139.194962,902.059998,841.650024,63.634701
4/21/2017,139.028854,898.530029,843.190002,64.509064
4/24/2017,140.36763,907.409973,862.76001,65.606888
4/25/2017,141.23735,907.619995,872.299988,65.985786
4/26/2017,140.406723,909.289978,871.72998,65.898346
4/27/2017,140.514191,918.380005,874.25,66.325813
4/28/2017,140.37738,924.98999,905.960022,66.510399
5/1/2017,143.240646,948.22998,912.570007,67.433357
5/2/2017,144.149475,946.940002,916.440002,67.326485
5/3/2017,143.709702,941.030029,927.039978,67.112755
5/4/2017,143.191772,937.530029,931.659973,66.850433
5/5/2017,145.566422,934.150024,927.130005,67.035027
5/8/2017,149.524139,949.039978,934.299988,66.976738
5/9/2017,150.481842,952.820007,932.169983,67.073891
5/10/2017,149.768448,948.950012,928.780029,67.336197
5/11/2017,151.063705,947.619995,930.599976,66.510399
5/12/2017,153.173401,961.349976,932.219971,66.432678
5/15/2017,152.780899,957.969971,937.080017,66.481255
5/16/2017,152.555237,966.070007,943,67.819885
5/17/2017,147.433075,944.76001,919.619995,65.93409
5/18/2017,149.680145,958.48999,930.23999,66.158813
5/19/2017,150.190384,959.840027,934.01001,66.139282
5/22/2017,151.102982,970.669983,941.859985,66.881851
5/23/2017,150.916519,971.539978,948.820007,67.106606
5/24/2017,150.465149,980.349976,954.960022,67.194534
5/25/2017,150.985199,993.380005,969.539978,68.02507
5/26/2017,150.730072,995.780029,971.469971,68.357269
5/30/2017,150.788956,996.700012,975.880005,68.796974
5/31/2017,149.896011,994.619995,964.859985,68.240021
6/1/2017,150.308136,995.950012,966.950012,68.494064
6/2/2017,152.535599,1006.72998,975.599976,70.116043
6/5/2017,151.044067,1011.340027,983.679993,70.624123
6/6/2017,151.554321,1003,976.570007,70.85862
6/7/2017,152.457092,1010.070007,980.940002,70.731613
6/8/2017,152.084213,1010.27002,983.409973,70.301682
6/9/2017,146.186874,978.309998,949.830017,68.709023
6/12/2017,142.693649,964.909973,942.900024,68.181396
6/13/2017,143.84169,980.789978,953.400024,69.031464
6/14/2017,142.438507,976.469971,950.76001,68.660172
6/15/2017,141.584808,964.169983,942.309998,68.298653
6/16/2017,139.602707,987.710022,939.780029,68.396362
6/19/2017,143.596375,995.169983,957.369995,69.246429
6/20/2017,142.291321,992.590027,950.630005,68.308418
6/21/2017,143.135193,1002.22998,959.450012,68.660172
6/22/2017,142.899704,1001.299988,957.090027,68.650406
6/23/2017,143.537506,1003.73999,965.590027,69.578636
6/26/2017,143.086136,993.97998,952.27002,68.914223
6/27/2017,141.035309,976.780029,927.330017,67.624458
6/28/2017,143.095947,990.330017,940.48999,68.200951
6/29/2017,140.986252,975.929993,917.789978,66.920952
6/30/2017,141.319901,968,908.72998,67.350868
7/3/2017,140.809631,953.659973,898.700012,66.608284
7/5/2017,141.388565,971.400024,911.710022,67.497437
7/6/2017,140.054062,965.140015,906.690002,66.999115
7/7/2017,141.476883,978.76001,918.590027,67.868729
7/10/2017,142.340378,996.469971,928.799988,68.376823
7/11/2017,142.801575,994.130005,930.090027,68.386589
7/12/2017,143.007645,1006.51001,943.830017,69.52002
7/13/2017,144.999573,1000.630005,947.159973,70.125801
7/14/2017,146.245743,1001.809998,955.98999,71.112671
7/17/2017,146.756012,1010.039978,953.419983,71.669609
7/18/2017,147.266281,1024.449951,965.400024,71.620766
7/19/2017,148.188644,1026.869995,970.890015,72.167931
7/20/2017,147.521393,1028.699951,968.150024,72.519676
7/21/2017,147.452713,1025.670044,972.919983,72.099533
7/24/2017,149.238586,1038.949951,980.340027,71.913887
7/25/2017,149.876404,1039.869995,950.700012,72.490372
7/26/2017,150.582916,1052.800049,947.799988,72.353577
7/27/2017,147.737274,1046,934.090027,71.483971
7/28/2017,146.697144,1020.039978,941.530029,71.366714
7/31/2017,145.941574,987.780029,930.5,71.0345
8/1/2017,147.236847,996.190002,930.830017,70.917267
8/2/2017,154.193909,995.890015,930.390015,70.604591
8/3/2017,152.65332,986.919983,923.650024,70.497116
8/4/2017,153.457947,987.580017,927.960022,71.014961
8/7/2017,155.832596,992.27002,929.359985,70.741386
8/8/2017,157.078781,989.840027,926.789978,71.122452
8/9/2017,158.040405,982.01001,922.900024,70.809776
8/10/2017,153.006531,956.919983,907.23999,69.774063
8/11/2017,155.134338,967.98999,914.390015,70.839088
8/14/2017,157.46907,983.299988,922.669983,71.904114
8/15/2017,159.192978,982.73999,922.219971,71.923759
8/16/2017,158.552673,978.179993,926.960022,72.346153
8/17/2017,155.508698,960.570007,910.97998,71.118286
8/18/2017,155.154068,958.469971,910.669983,71.206688
8/21/2017,154.868378,953.289978,906.659973,70.872696
8/22/2017,157.400101,966.900024,924.690002,71.864822
8/23/2017,157.597107,958,927,71.43261
8/24/2017,156.89769,952.450012,921.280029,71.403145
8/25/2017,157.478897,945.26001,915.890015,71.53083
8/28/2017,159.064911,946.02002,913.809998,71.540665
8/29/2017,160.48349,954.059998,921.289978,71.756775
8/30/2017,160.916916,967.590027,929.570007,72.699776
8/31/2017,161.557236,980.599976,939.330017,73.446312
9/1/2017,161.606491,978.25,937.340027,72.63102
9/5/2017,159.665848,965.27002,928.450012,72.306847
9/6/2017,159.498367,967.799988,927.809998,72.100578
9/7/2017,158.858032,979.469971,935.950012,73.023933
9/8/2017,156.267227,965.900024,926.5,72.670311
9/11/2017,159.094467,977.960022,929.080017,73.436501
9/12/2017,158.46402,982.580017,932.070007,73.357918
9/13/2017,157.272018,999.599976,935.090027,73.878525
9/14/2017,155.92244,992.210022,925.109985,73.446312
9/15/2017,157.498611,986.789978,920.289978,73.976761
9/18/2017,156.306625,974.190002,915,73.829422
9/19/2017,156.365723,969.859985,921.809998,74.104462
9/20/2017,153.745377,973.210022,931.580017,73.613312
9/21/2017,151.10527,964.650024,932.450012,72.896225
9/22/2017,149.627625,955.099976,928.530029,73.092697
9/25/2017,148.307571,939.789978,920.969971,71.963051
9/26/2017,150.859009,938.599976,924.859985,71.963051
9/27/2017,151.93277,950.869995,944.48999,72.54261
9/28/2017,150.996918,956.400024,949.5,72.562256
9/29/2017,151.824387,961.349976,959.109985,73.171272
10/2/2017,151.519028,959.190002,953.27002,73.289154
10/3/2017,152.179031,957.099976,957.789978,72.945351
10/4/2017,151.193924,965.450012,951.679993,73.367737
10/5/2017,153.07547,980.849976,969.960022,74.625076
10/6/2017,152.986816,989.580017,978.890015,74.654549
10/9/2017,153.518768,990.98999,977,74.939415
10/10/2017,153.577866,987.200012,972.599976,74.939415
10/11/2017,154.218216,995,989.25,75.067108
10/12/2017,153.676392,1000.929993,987.830017,75.754723
10/13/2017,154.651642,1002.940002,989.679993,76.118172
10/16/2017,157.498611,1006.340027,992,76.27533
10/17/2017,158.079819,1009.130005,992.179993,76.216393
10/18/2017,157.380386,997,992.809998,76.236046
10/19/2017,153.656693,986.609985,984.450012,76.530739
10/20/2017,153.922668,982.909973,988.200012,77.414795
10/23/2017,153.843857,966.299988,968.450012,77.434448
10/24/2017,154.76001,975.900024,970.539978,77.463921
10/25/2017,154.080307,972.909973,973.330017,77.237976
10/26/2017,155.065399,972.429993,972.559998,77.365685
10/27/2017,160.621384,1100.949951,1019.27002,82.326286
10/30/2017,164.236725,1110.849976,1017.109985,82.404861
10/31/2017,166.522171,1105.280029,1016.640015,81.707436
11/1/2017,164.40419,1103.680054,1025.5,81.707436
11/2/2017,165.606018,1094.219971,1025.579956,82.562035
11/3/2017,169.930634,1111.599976,1032.47998,82.650444
11/6/2017,171.654556,1120.660034,1025.900024,82.974594
11/7/2017,172.206223,1123.170044,1033.329956,82.778137
11/8/2017,173.614929,1132.880005,1039.849976,83.062996
11/9/2017,173.2603,1129.130005,1031.26001,82.601318
11/10/2017,172.686859,1125.349976,1028.069946,82.385223
11/13/2017,171.994812,1129.170044,1025.75,82.444153
11/14/2017,169.394669,1136.839966,1026,82.562035
11/15/2017,167.160339,1126.689941,1020.909973,81.920334
11/16/2017,169.15741,1137.290039,1032.5,82.137527
11/17/2017,168.218185,1129.880005,1019.090027,81.34774
11/20/2017,168.05011,1126.310059,1018.380005,81.476082
11/21/2017,171.174255,1139.48999,1034.48999,82.650887
11/22/2017,172.973587,1156.160034,1035.959961,82.048676
11/24/2017,172.983475,1186,1040.609985,82.196762
11/27/2017,172.113464,1195.829956,1054.209961,82.798973
11/28/2017,171.105042,1193.599976,1047.410034,83.796066
11/29/2017,167.555801,1161.27002,1021.659973,82.275734
11/30/2017,169.898895,1176.75,1021.409973,83.095139
12/1/2017,169.107971,1162.349976,1010.169983,83.18399
12/4/2017,167.872177,1133.949951,998.679993,80.044594
12/5/2017,167.713974,1141.569946,1005.150024,80.548073
12/6/2017,167.091141,1152.349976,1018.380005,81.722885
12/7/2017,167.397629,1159.790039,1030.930054,81.436584
12/8/2017,167.447037,1162,1037.050049,83.085274
12/11/2017,170.709595,1168.920044,1041.099976,84.141602
12/12/2017,169.750595,1165.079956,1040.47998,84.487129
12/13/2017,170.314117,1164.130005,1040.609985,84.260071
12/14/2017,170.264694,1174.26001,1049.150024,83.608505
12/15/2017,171.994812,1179.140015,1064.189941,85.740913
12/18/2017,174.417007,1190.579956,1077.140015,85.276909
12/19/2017,172.55835,1187.380005,1070.680054,84.73394
12/20/2017,172.370514,1177.619995,1064.949951,84.427887
12/21/2017,173.023026,1174.76001,1063.630005,84.40815
12/22/2017,173.023026,1168.359985,1060.119995,84.418022
12/26/2017,168.633423,1176.76001,1056.73999,84.309425
12/27/2017,168.663101,1182.26001,1049.369995,84.615471
12/28/2017,169.13765,1186.099976,1048.140015,84.625343
