2/1/2013,23311.98047,64.86,50.0946
3/1/2013,23398.59961,64.94,50.5227
4/1/2013,23331.08984,63.93,50.4449
7/1/2013,23329.75,64.75,49.7443
8/1/2013,23111.18945,64.51,49.7443
9/1/2013,23218.4707,64.44,49.2772
10/1/2013,23354.31055,64.82,49.3161
11/1/2013,23264.07031,65.37,49.6664
14/1/2013,23413.25977,65.99,49.5886
15/1/2013,23381.50977,65.37,50.2503
16/1/2013,23356.99023,65.6,52.0018
17/1/2013,23339.75977,66.23,52.0408
18/1/2013,23601.7793,66.5,52.6246
21/1/2013,23590.91016,66.5,52.2354
22/1/2013,23658.99023,66.42,52.3522
23/1/2013,23635.09961,66.23,52.3522
24/1/2013,23598.90039,66.46,52.7025
25/1/2013,23580.42969,67.44,52.0018
28/1/2013,23671.88086,68.06,52.1186
29/1/2013,23655.16992,68.02,52.0018
30/1/2013,23822.06055,68.64,52.7025
31/1/2013,23729.5293,68.84,52.8192
1/2/2013,23721.83984,68.61,52.2743
4/2/2013,23685.00977,68.49,52.3132
5/2/2013,23148.5293,66.62,51.6515
6/2/2013,23256.92969,67.36,51.9629
7/2/2013,23177,67.16,52.936
8/2/2013,23215.16016,67.32,52.6635
14/2/2013,23413.25,68.33,52.8971
15/2/2013,23444.56055,68.26,53.4031
18/2/2013,23381.93945,67.98,53.5199
19/2/2013,23143.91016,67.4,53.5199
20/2/2013,23307.41016,67.44,53.8312
21/2/2013,22906.66992,66.35,52.8971
22/2/2013,22782.43945,66.23,51.4569
25/2/2013,22820.08008,66.5,51.5348
26/2/2013,22519.68945,65.6,51.9629
27/2/2013,22577.00977,65.49,51.418
28/2/2013,23020.26953,66.93,52.1965
1/3/2013,22880.2207,66.5,52.2743
4/3/2013,22537.81055,65.68,53.3642
5/3/2013,22560.5,65.33,53.5977
6/3/2013,22777.83984,65.53,54.2594
7/3/2013,22771.43945,65.06,54.4151
8/3/2013,23091.94922,66.23,55.3493
11/3/2013,23090.82031,66.46,54.8043
12/3/2013,22890.59961,66.07,54.1816
13/3/2013,22556.65039,65.49,54.1426
14/3/2013,22619.17969,66.07,53.6756
15/3/2013,22533.10938,67.12,53.3642
18/3/2013,22083.35938,65.6,51.2234
19/3/2013,22041.85938,65.84,50.4449
20/3/2013,22256.43945,66.63,51.1455
21/3/2013,22225.88086,66.67,49.1215
22/3/2013,22115.30078,65.88,47.7592
25/3/2013,22251.15039,66.07,46.8639
26/3/2013,22311.08008,65.72,48.343
27/3/2013,22464.82031,65.68,48.7712
28/3/2013,22299.63086,65,48.0316
2/4/2013,22367.82031,65.8,47.2532
3/4/2013,22337.49023,65.76,47.2532
5/4/2013,21726.90039,64.49,46.1633
8/4/2013,21718.05078,64.41,46.9418
9/4/2013,21870.33984,64.13,48.1873
10/4/2013,22034.56055,64.92,48.5376
11/4/2013,22101.26953,65.08,48.7323
12/4/2013,22089.05078,65.04,48.6544
15/4/2013,21772.66992,64.25,47.8759
16/4/2013,21672.0293,63.74,47.6035
17/4/2013,21569.66992,63.38,48.6544
18/4/2013,21512.51953,63.14,48.1095
19/4/2013,22013.57031,64.29,49.2383
22/4/2013,22044.36914,64.21,49.6275
23/4/2013,21806.60938,63.46,48.9658
24/4/2013,22183.05078,64.96,49.5107
25/4/2013,22401.24023,65.64,49.7443
26/4/2013,22547.71094,66.11,50.406
29/4/2013,22580.76953,66.63,50.9898
30/4/2013,22737.00977,66.99,51.8072
2/5/2013,22668.30078,67.5,53.2085
3/5/2013,22689.96094,67.58,52.7414
6/5/2013,22915.08984,68.21,53.4809
7/5/2013,23047.08984,68.33,53.5588
8/5/2013,23244.34961,69.52,53.442
9/5/2013,23211.48047,69.72,53.2863
10/5/2013,23321.2207,69.8,53.8702
13/5/2013,22989.81055,69.4,52.3132
14/5/2013,22930.2793,69.72,52.5078
15/5/2013,23044.24023,69.72,53.4031
16/5/2013,23082.67969,70.39,56.8673
20/5/2013,23493.0293,71.54,61.263
21/5/2013,23366.36914,71.66,60.1938
22/5/2013,23261.08008,71.48,59.9958
23/5/2013,22669.67969,69.64,57.9761
24/5/2013,22618.66992,68.88,59.283
27/5/2013,22686.05078,69.24,59.481
28/5/2013,22924.25,69.56,60.2334
29/5/2013,22554.92969,68.56,60.1146
30/5/2013,22484.31055,68.8,60.9462
31/5/2013,22392.16016,68.84,60.9462
3/6/2013,22282.18945,68.64,60.0354
4/6/2013,22285.51953,69.16,60.075
5/6/2013,22069.24023,68.76,59.481
6/6/2013,21838.42969,68.32,59.4414
7/6/2013,21575.25977,67.33,59.3622
10/6/2013,21615.08984,67.57,60.4314
11/6/2013,21354.66016,66.85,60.3522
13/6/2013,20887.03906,66.41,58.9661
14/6/2013,20969.14063,66.49,59.5602
17/6/2013,21225.90039,67.05,59.5998
18/6/2013,21225.88086,67.21,59.5206
19/6/2013,20986.89063,66.97,59.3226
20/6/2013,20382.86914,65.17,57.4613
21/6/2013,20263.31055,64.49,56.5901
24/6/2013,19813.98047,63.37,55.1644
25/6/2013,19855.7207,63.73,56.1149
26/6/2013,20338.55078,64.37,57.5009
27/6/2013,20440.08008,64.37,58.9661
28/6/2013,20803.28906,64.97,60.2334
2/7/2013,20658.65039,65.17,59.7582
3/7/2013,20147.31055,63.81,59.1642
4/7/2013,20468.66992,64.81,60.669
5/7/2013,20854.66992,66.57,61.065
8/7/2013,20582.18945,66.25,59.877
9/7/2013,20683.00977,67.09,59.679
10/7/2013,20904.56055,66.97,60.273
11/7/2013,21437.49023,68.13,61.5402
12/7/2013,21277.2793,67.73,61.3422
15/7/2013,21303.31055,68.05,63.6391
16/7/2013,21312.38086,68.01,65.3023
17/7/2013,21371.86914,68.36,65.3419
18/7/2013,21345.2207,68.52,64.9063
19/7/2013,21362.41992,69.32,66.0944
22/7/2013,21416.5,69.68,64.8667
23/7/2013,21915.41992,70.28,65.8567
24/7/2013,21968.92969,70.44,65.5003
25/7/2013,21900.96094,70,66.2132
26/7/2013,21968.94922,70.44,68.7872
29/7/2013,21850.15039,70.04,69.2228
30/7/2013,21953.96094,69.84,71.9949
31/7/2013,21883.66016,69.68,69.6585
1/8/2013,22088.78906,70.72,71.4009
2/8/2013,22190.9707,71,71.3217
5/8/2013,22222.00977,71.6,73.4602
6/8/2013,21923.69922,68.05,74.371
7/8/2013,21588.83984,67.25,71.3217
8/8/2013,21655.88086,67.37,70.5693
9/8/2013,21807.56055,67.77,70.7673
12/8/2013,22271.2793,68.56,72.7474
13/8/2013,22541.13086,68.88,73.2622
15/8/2013,22539.25,69,72.8662
16/8/2013,22517.81055,68.88,72.589
19/8/2013,22463.69922,68.68,73.3018
20/8/2013,21970.28906,67.69,72.0741
21/8/2013,21817.73047,67.42,71.2821
22/8/2013,21895.40039,67.42,71.2821
23/8/2013,21863.50977,67.54,70.4505
26/8/2013,22005.32031,67.87,70.6485
27/8/2013,21874.76953,67.06,71.6781
28/8/2013,21524.65039,66.17,70.5297
29/8/2013,21704.7793,66.58,71.6385
30/8/2013,21731.36914,66.17,71.9949
2/9/2013,22175.33984,67.06,74.5294
3/9/2013,22394.58008,67.67,75.2026
4/9/2013,22326.2207,67.58,75.0442
5/9/2013,22597.9707,68.96,76.7471
6/9/2013,22621.2207,69.68,76.6283
9/9/2013,22750.65039,69.12,77.3015
10/9/2013,22976.65039,69.32,79.0043
11/9/2013,22937.14063,69.04,79.638
12/9/2013,22953.7207,69.16,81.7368
13/9/2013,22915.2793,69.36,81.3408
16/9/2013,23252.41016,70.29,83.4001
17/9/2013,23180.51953,69.56,82.9249
18/9/2013,23117.44922,69.56,79.6776
19/9/2013,23502.50977,70.97,81.222
23/9/2013,23371.53906,69.64,81.024
24/9/2013,23179.03906,69.2,79.7172
25/9/2013,23209.63086,68.71,81.1032
26/9/2013,23125.0293,68.75,80.9844
27/9/2013,23207.03906,68.88,82.7268
30/9/2013,22859.85938,68.07,80.5488
2/10/2013,22984.48047,67.91,82.1724
3/10/2013,23214.40039,68.07,83.1229
4/10/2013,23138.53906,68.07,83.0041
7/10/2013,22973.94922,67.58,82.6081
8/10/2013,23178.84961,67.63,84.3505
9/10/2013,23033.9707,67.22,81.9348
10/10/2013,22951.30078,67.34,81.1428
11/10/2013,23218.32031,68.19,82.9645
15/10/2013,23336.51953,68.71,83.5189
16/10/2013,23228.33008,68.51,83.4397
17/10/2013,23094.88086,67.83,83.2021
18/10/2013,23340.09961,68.47,85.1029
21/10/2013,23438.15039,68.63,88.667
22/10/2013,23315.99023,69,86.9642
23/10/2013,22999.94922,68.9,85.1821
24/10/2013,22835.82031,69.06,84.9049
25/10/2013,22698.33984,69.18,84.3901
28/10/2013,22806.58008,69.34,85.7365
29/10/2013,22846.53906,69.42,82.8457
30/10/2013,23304.01953,70.04,84.8653
31/10/2013,23206.36914,69.59,83.7961
1/11/2013,23249.78906,69.55,83.6773
4/11/2013,23189.61914,69.3,82.5288
5/11/2013,23038.94922,70.32,81.5388
6/11/2013,23036.93945,70.52,81.5784
7/11/2013,22881.0293,69.91,80.6676
8/11/2013,22744.39063,69.55,79.4796
11/11/2013,23069.84961,70.65,81.42
12/11/2013,22901.41016,70.04,80.9844
13/11/2013,22463.83008,69.06,77.7371
14/11/2013,22649.15039,69.3,81.3408
15/11/2013,23032.15039,69.71,83.0833
18/11/2013,23660.06055,70.24,84.3505
19/11/2013,23657.81055,70.44,82.9645
20/11/2013,23700.85938,70.61,82.9645
21/11/2013,23580.28906,70.4,83.5189
22/11/2013,23696.2793,70.52,84.0733
25/11/2013,23684.44922,70.44,86.7266
26/11/2013,23681.2793,70.61,86.5286
27/11/2013,23806.34961,70.85,87.3998
28/11/2013,23789.08984,70.56,87.5186
29/11/2013,23881.28906,70.52,88.7858
2/12/2013,24038.55078,70.89,89.9343
3/12/2013,23910.4707,70.4,88.667
4/12/2013,23728.69922,69.55,87.8354
5/12/2013,23712.57031,68.57,89.063
6/12/2013,23743.09961,68.57,91.0827
9/12/2013,23811.16992,68.57,91.5579
10/12/2013,23744.18945,68.33,92.3103
11/12/2013,23338.24023,67.43,93.9736
12/12/2013,23218.11914,67.23,92.5479
13/12/2013,23245.96094,67.27,92.3103
16/12/2013,23114.66016,66.62,93.6568
17/12/2013,23069.23047,66.82,92.2311
18/12/2013,23143.82031,66.94,92.5083
19/12/2013,22888.75,66.82,91.8351
20/12/2013,22812.17969,66.78,91.7955
23/12/2013,22921.56055,67.23,92.5083
24/12/2013,23179.55078,68,92.9043
27/12/2013,23243.24023,68.33,95.6764
30/12/2013,23244.86914,68.53,98.1713
31/12/2013,23306.39063,68.53,97.9337
2/1/2014,23340.05078,68.9,99.894
3/1/2014,22817.2793,67.55,97.8149
6/1/2014,22684.15039,67.71,98.1317
7/1/2014,22712.7793,68.33,97.8149
8/1/2014,22996.58984,69.55,99.2999
9/1/2014,22787.33008,69.42,97.6169
10/1/2014,22846.25,69.55,98.4881
13/1/2014,22888.75977,70.04,98.3297
14/1/2014,22791.2793,69.38,97.6169
15/1/2014,22902,69.75,100.686
16/1/2014,22986.41016,70.08,101.478
17/1/2014,23133.34961,69.91,104.7451
20/1/2014,22928.94922,69.83,103.0621
21/1/2014,23033.11914,69.83,102.9631
22/1/2014,23082.25,70.04,104.3491
23/1/2014,22733.90039,69.34,103.3591
24/1/2014,22450.06055,68.73,99.2009
27/1/2014,21976.09961,66.86,96.9041
28/1/2014,21960.64063,66.7,99.5969
29/1/2014,22141.60938,66.74,105.3391
30/1/2014,22035.41992,65.92,107.6162
4/2/2014,21397.76953,64.46,101.082
5/2/2014,21269.38086,64.05,101.082
6/2/2014,21423.13086,64.13,100.686
7/2/2014,21636.84961,64.58,103.8541
10/2/2014,21579.25977,64.5,105.6361
11/2/2014,21962.98047,64.9,104.9431
12/2/2014,22285.78906,65.96,106.5272
13/2/2014,22165.5293,66.25,106.9232
14/2/2014,22298.41016,66.86,108.6062
17/2/2014,22535.93945,67.35,114.8434
18/2/2014,22587.7207,67.88,115.7344
19/2/2014,22664.51953,69.1,115.3384
20/2/2014,22394.08008,67.96,111.7743
21/2/2014,22568.24023,68.69,114.9424
24/2/2014,22388.56055,68.33,114.4474
25/2/2014,22317.19922,66.49,113.9524
26/2/2014,22437.43945,66.09,116.0314
27/2/2014,22828.17969,66.7,122.0706
28/2/2014,22836.96094,66.98,123.2587
3/3/2014,22500.66992,66,119.1995
4/3/2014,22657.63086,66.37,121.2786
5/3/2014,22579.7793,66.29,123.2587
6/3/2014,22702.9707,66.33,125.7337
7/3/2014,22660.49023,66.21,124.8427
10/3/2014,22264.92969,65.52,122.0706
11/3/2014,22269.60938,65.43,122.2686
12/3/2014,21901.94922,65.2,119.1995
13/3/2014,21756.08008,64.71,116.4274
14/3/2014,21539.49023,64.46,111.6753
17/3/2014,21473.94922,64.29,108.2102
18/3/2014,21583.5,64,114.4474
19/3/2014,21568.68945,63.71,112.3683
20/3/2014,21182.16016,63.01,110.4873
21/3/2014,21436.69922,63.5,113.3584
24/3/2014,21846.44922,64.42,116.2294
25/3/2014,21732.32031,64.54,110.5863
26/3/2014,21887.75,64.91,109.6953
27/3/2014,21834.44922,64.91,103.2601
28/3/2014,22065.5293,65.16,105.9331
31/3/2014,22151.06055,65.16,106.8242
1/4/2014,22448.53906,65.33,111.5763
2/4/2014,22523.93945,65.66,111.1803
3/4/2014,22565.08008,65.58,108.2102
4/4/2014,22510.08008,65.66,103.9531
7/4/2014,22377.15039,65.12,99.2999
8/4/2014,22596.9707,65.29,100.884
9/4/2014,22843.16992,66.03,103.6561
10/4/2014,23186.96094,67.03,111.4773
11/4/2014,23003.64063,67.03,103.9531
14/4/2014,23038.80078,66.66,104.1511
15/4/2014,22671.25977,66.24,102.171
16/4/2014,22696.00977,66.66,103.2601
17/4/2014,22760.24023,66.57,104.0521
22/4/2014,22730.67969,66.82,103.8541
23/4/2014,22509.64063,66.37,104.7451
24/4/2014,22562.80078,66.28,105.4381
25/4/2014,22223.5293,65.33,103.6561
28/4/2014,22132.5293,65.29,100.686
29/4/2014,22453.89063,66.03,100.884
30/4/2014,22133.9707,65.25,95.6764
2/5/2014,22260.66992,65.62,98.0921
5/5/2014,21976.33008,64.91,97.5377
7/5/2014,21746.25977,65.04,93.8152
8/5/2014,21837.11914,64.91,93.7756
9/5/2014,21862.99023,64.62,94.8052
12/5/2014,22261.60938,65.41,99.795
13/5/2014,22352.38086,65.66,100.488
14/5/2014,22582.76953,66.45,101.775
15/5/2014,22730.85938,66.82,107.7152
16/5/2014,22712.91016,67.49,107.9533
19/5/2014,22704.5,68.03,106.7627
20/5/2014,22834.67969,68.4,111.0292
21/5/2014,22836.51953,67.67,110.8308
22/5/2014,22953.75977,67.58,111.4261
23/5/2014,22965.85938,67.5,110.2354
26/5/2014,22963.17969,67.75,110.5331
27/5/2014,22944.30078,68.08,110.5331
28/5/2014,23080.0293,68.21,112.4183
29/5/2014,23010.14063,68.34,108.9455
30/5/2014,23081.65039,68.46,108.4494
3/6/2014,23291.03906,68.25,111.1284
4/6/2014,23151.71094,68,108.3502
5/6/2014,23109.66016,67.71,107.5564
6/6/2014,22951,67.96,107.358
9/6/2014,23117.4707,68.21,109.7393
10/6/2014,23315.74023,68.42,112.6168
11/6/2014,23257.28906,67.75,115.4942
12/6/2014,23175.01953,67.96,114.7004
13/6/2014,23319.16992,68.13,115.1965
16/6/2014,23300.66992,67.96,115.6926
17/6/2014,23203.58984,67.67,114.7004
18/6/2014,23181.7207,67.75,115.2957
19/6/2014,23167.73047,67.75,114.8989
20/6/2014,23194.06055,67.67,114.8989
23/6/2014,22804.81055,66.83,113.3113
24/6/2014,22880.64063,66.95,114.0059
25/6/2014,22866.69922,66.7,114.2043
26/6/2014,23197.83008,66.74,117.4786
27/6/2014,23221.51953,66.2,117.4786
30/6/2014,23190.7207,65.82,117.2802
2/7/2014,23549.61914,67,121.8444
3/7/2014,23531.43945,67.16,123.7296
4/7/2014,23546.35938,67.33,124.1265
7/7/2014,23540.91992,67.29,124.4241
8/7/2014,23541.38086,66.95,124.3249
9/7/2014,23176.07031,66.16,120.2568
10/7/2014,23238.99023,66.07,121.249
11/7/2014,23233.44922,65.82,120.6537
14/7/2014,23346.66992,66.28,121.8444
15/7/2014,23459.96094,66.37,122.8366
16/7/2014,23523.2793,66.66,123.3327
17/7/2014,23520.86914,66.83,122.5389
18/7/2014,23454.78906,66.45,121.9436
21/7/2014,23387.14063,66.24,120.5545
22/7/2014,23782.10938,67.08,123.1343
23/7/2014,23971.86914,67.08,123.3327
24/7/2014,24141.5,67.62,123.5312
25/7/2014,24216.00977,68.42,123.928
28/7/2014,24428.63086,68.88,127.8969
29/7/2014,24640.5293,69.68,129.3852
30/7/2014,24732.21094,70.01,127.5
31/7/2014,24756.84961,69.93,127.4008
1/8/2014,24532.42969,69.3,127.2024
4/8/2014,24600.08008,68.71,128.1946
5/8/2014,24648.25977,69.97,132.4611
6/8/2014,24584.13086,69.76,131.8658
7/8/2014,24387.56055,69.01,127.3016
8/8/2014,24331.41016,68.63,128.7899
11/8/2014,24646.01953,68.84,131.2705
12/8/2014,24689.41016,68.55,132.2627
13/8/2014,24890.33984,69.17,132.1634
14/8/2014,24801.35938,69.38,129.0876
15/8/2014,24954.93945,70.26,129.286
18/8/2014,24955.46094,69.93,127.7977
19/8/2014,25122.94922,70.14,128.7899
20/8/2014,25159.75977,69.99,130.8736
21/8/2014,24994.09961,69.69,129.6829
22/8/2014,25112.23047,70.33,129.6829
25/8/2014,25166.91016,70.75,128.7899
26/8/2014,25074.5,70.5,128.393
27/8/2014,24918.75,70.03,127.4008
28/8/2014,24741,70.33,126.8055
29/8/2014,24742.06055,70.71,125.5156
1/9/2014,24752.08984,70.67,125.6148
2/9/2014,24749.01953,70.33,124.7218
3/9/2014,25317.94922,70.71,128.2938
4/9/2014,25297.91992,70.41,128.393
5/9/2014,25240.15039,70.67,127.3016
8/9/2014,25190.44922,70.12,125.1187
10/9/2014,24705.35938,69.52,121.0506
11/9/2014,24662.64063,69.86,121.249
12/9/2014,24595.32031,69.82,121.9436
15/9/2014,24356.99023,69.74,122.4397
16/9/2014,24136.00977,69.61,120.0584
17/9/2014,24376.41016,70.07,123.035
18/9/2014,24168.7207,69.99,121.9436
19/9/2014,24306.16016,71.17,124.2257
22/9/2014,23955.49023,70.62,120.1576
23/9/2014,23837.07031,70.03,117.9747
24/9/2014,23921.60938,69.57,117.5778
25/9/2014,23768.13086,69.48,116.9825
26/9/2014,23678.41016,69.44,115.5934
29/9/2014,23229.21094,68.21,114.7004
30/9/2014,22932.98047,67.24,114.6012
3/10/2014,23064.56055,66.48,115.0973
6/10/2014,23315.03906,66.86,118.7685
7/10/2014,23422.51953,66.82,118.6693
8/10/2014,23263.33008,66.9,117.5778
9/10/2014,23534.5293,67.45,116.9825
10/10/2014,23088.53906,66.27,114.7996
13/10/2014,23143.38086,66.1,113.5097
14/10/2014,23047.9707,66.44,112.5175
15/10/2014,23140.05078,66.44,113.5097
16/10/2014,22900.93945,65.64,112.1206
17/10/2014,23023.21094,65.85,111.823
20/10/2014,23070.25977,65.55,113.4105
21/10/2014,23088.58008,65.72,114.502
22/10/2014,23403.9707,66.27,118.3716
23/10/2014,23333.17969,66.59,118.6693
24/10/2014,23302.19922,66.55,118.5701
27/10/2014,23143.23047,66.85,117.181
28/10/2014,23520.35938,67.32,119.1654
29/10/2014,23819.86914,67.49,120.7529
30/10/2014,23702.03906,66.98,120.9514
31/10/2014,23998.06055,67.32,122.6382
3/11/2014,23915.9707,67.15,122.8366
4/11/2014,23845.66016,66.8,121.7452
5/11/2014,23695.61914,66.51,123.035
6/11/2014,23649.31055,66.68,122.6382
7/11/2014,23550.24023,66.55,122.142
10/11/2014,23744.69922,66.68,124.7218
11/11/2014,23808.2793,66.63,126.607
12/11/2014,23938.17969,67.02,128.1946
13/11/2014,24019.93945,66.76,128.4922
14/11/2014,24087.38086,66.46,130.8736
17/11/2014,23797.08008,66.21,128.0954
18/11/2014,23529.16992,65.91,124.821
19/11/2014,23373.31055,65.78,123.4319
20/11/2014,23349.64063,65.61,124.7218
21/11/2014,23437.11914,65.31,123.2335
24/11/2014,23893.14063,65.82,124.5234
25/11/2014,23843.91016,65.78,123.7296
26/11/2014,24111.98047,66.55,124.7218
27/11/2014,24004.2793,66.21,124.1265
28/11/2014,23987.44922,65.78,123.035
1/12/2014,23367.44922,64.97,119.3638
2/12/2014,23654.30078,65.22,118.6693
3/12/2014,23428.61914,65.35,116.7841
4/12/2014,23832.56055,65.87,117.2802
5/12/2014,24002.64063,65.78,117.9747
8/12/2014,24047.66992,66.04,117.6771
9/12/2014,23485.83008,65.4,114.8989
10/12/2014,23524.51953,65.27,114.6012
11/12/2014,23312.53906,64.71,112.5175
12/12/2014,23249.19922,64.16,112.8152
15/12/2014,23027.84961,63.26,111.0292
16/12/2014,22670.5,61.98,107.1596
17/12/2014,22585.83984,61.94,104.4806
18/12/2014,22832.21094,61.6,111.0292
19/12/2014,23116.63086,62.66,114.7996
22/12/2014,23408.57031,63.26,112.1206
23/12/2014,23333.68945,63.39,111.9222
24/12/2014,23349.33984,63.39,111.823
29/12/2014,23773.17969,63.99,112.5175
30/12/2014,23501.09961,63.26,112.4183
31/12/2014,23605.03906,63.18,111.6245
2/1/2015,23721.30078,63.18,111.9222
5/1/2015,23721.32031,62.24,112.6168
6/1/2015,23485.41016,61.26,119.0662
7/1/2015,23681.25977,60.61,123.4319
8/1/2015,23835.5293,60.79,126.3094
9/1/2015,23919.94922,60.7,126.2101
12/1/2015,24026.46094,60.7,126.1109
13/1/2015,24215.9707,60.87,126.8055
14/1/2015,24112.59961,60.49,125.0195
15/1/2015,24350.91016,60.27,125.9125
16/1/2015,24103.51953,59.93,120.9514
19/1/2015,23738.49023,59.72,122.0428
20/1/2015,23951.16016,59.93,123.1343
21/1/2015,24352.58008,60.27,127.6985
22/1/2015,24522.63086,61.38,130.5759
23/1/2015,24850.44922,62.41,131.6673
26/1/2015,24909.90039,61.98,135.9339
27/1/2015,24807.2793,62.58,134.9417
28/1/2015,24861.81055,62.32,135.8346
29/1/2015,24595.84961,61.72,133.5526
30/1/2015,24507.05078,61.85,130.9728
2/2/2015,24484.74023,60.83,134.7432
3/2/2015,24554.7793,61.04,134.0487
4/2/2015,24679.75977,61.81,132.858
5/2/2015,24765.49023,61.64,134.1479
6/2/2015,24679.39063,62.19,133.1557
9/2/2015,24521,62.15,131.5681
10/2/2015,24528.09961,61.34,131.965
11/2/2015,24315.01953,59.97,130.5759
12/2/2015,24422.15039,60.44,128.5915
13/2/2015,24682.53906,61.26,129.1868
16/2/2015,24726.5293,61.21,129.4845
17/2/2015,24784.88086,61.51,129.7821
18/2/2015,24832.08008,61.43,128.8891
23/2/2015,24836.75977,61.47,133.751
24/2/2015,24750.07031,59.29,134.0487
25/2/2015,24778.2793,59.8,134.7432
26/2/2015,24902.06055,59.68,134.5448
27/2/2015,24823.28906,59.59,134.8424
2/3/2015,24887.43945,59.38,135.6362
3/3/2015,24702.7793,59.55,134.2471
4/3/2015,24465.38086,59.59,132.2627
5/3/2015,24193.03906,59.28,131.072
6/3/2015,24164,59.2,130.6751
9/3/2015,24123.05078,58.15,131.1712
10/3/2015,23896.98047,58.59,130.0798
11/3/2015,23717.9707,57.58,130.6751
12/3/2015,23797.96094,57.23,130.7743
13/3/2015,23823.21094,56.75,132.5603
16/3/2015,23949.55078,56.45,134.5448
17/3/2015,23901.49023,56.8,132.7588
18/3/2015,24120.08008,57.54,134.8424
19/3/2015,24468.89063,58.15,143.8716
20/3/2015,24375.24023,58.02,141.4903
23/3/2015,24494.50977,58.8,144.0701
24/3/2015,24399.59961,58.59,141.8872
25/3/2015,24528.23047,58.8,141.5895
26/3/2015,24497.08008,58.8,139.7043
27/3/2015,24486.19922,58.8,140.7957
30/3/2015,24855.11914,58.46,143.574
31/3/2015,24900.89063,58.19,146.0545
1/4/2015,25082.75,58.11,146.8483
2/4/2015,25275.64063,58.5,148.6343
8/4/2015,26236.85938,59.59,153.2977
9/4/2015,26944.39063,59.85,158.6557
10/4/2015,27272.39063,60.42,160.5409
13/4/2015,28016.33984,61.29,169.6693
14/4/2015,27561.49023,61.69,159.9456
15/4/2015,27618.82031,61.82,156.3736
16/4/2015,27739.71094,61.47,158.7549
17/4/2015,27653.11914,61.6,157.5642
20/4/2015,27094.92969,61.51,151.9086
21/4/2015,27850.49023,61.86,157.8619
22/4/2015,27933.84961,61.51,161.4339
23/4/2015,27827.69922,61.82,159.6479
24/4/2015,28060.98047,64.44,160.3424
27/4/2015,28433.58984,66.75,161.3347
28/4/2015,28442.75,66.71,162.3269
29/4/2015,28400.33984,67.62,162.9222
30/4/2015,28133,67.19,159.6479
4/5/2015,28123.82031,66.01,156.7705
5/5/2015,27755.53906,65.35,156.3736
6/5/2015,27640.91016,65,154.786
7/5/2015,27289.9707,65.27,151.8094
8/5/2015,27577.33984,66.84,152.8016
11/5/2015,27718.19922,66.14,157.3658
12/5/2015,27407.17969,65.61,155.7782
13/5/2015,27249.2793,65.27,155.5798
14/5/2015,27286.55078,65.31,160.0448
15/5/2015,27822.2793,66.05,161.3972
18/5/2015,27591.25,65.61,160.2039
19/5/2015,27693.53906,65.18,160.5022
20/5/2015,27585.05078,65.13,157.7178
21/5/2015,27523.7207,65.51,155.9278
22/5/2015,27992.83008,66.3,157.9167
26/5/2015,28249.85938,65.82,157.9167
27/5/2015,28081.21094,65.42,157.0217
28/5/2015,27454.31055,64.8,154.3367
29/5/2015,27424.18945,65.42,154.8339
1/6/2015,27597.16016,65.16,155.2317
2/6/2015,27466.7207,64.89,156.3256
3/6/2015,27657.4707,65.2,157.2206
4/6/2015,27551.89063,65.07,156.9222
5/6/2015,27260.16016,64.5,153.8395
8/6/2015,27316.2793,64.89,154.2373
9/6/2015,26989.51953,64.63,154.1378
10/6/2015,26687.64063,64.27,152.3478
11/6/2015,26907.84961,64.54,153.4417
12/6/2015,27280.53906,64.63,156.3256
15/6/2015,26861.81055,64.05,154.3367
16/6/2015,26566.69922,63.48,153.2428
17/6/2015,26753.78906,63.44,153.4417
18/6/2015,26694.66016,63.88,153.4417
19/6/2015,26760.5293,63.97,153.3423
22/6/2015,27080.84961,64.8,156.1267
23/6/2015,27333.46094,65.02,157.2206
24/6/2015,27404.9707,64.98,162.7894
25/6/2015,27145.75,64.45,161.0989
26/6/2015,26663.86914,63.48,159.0106
29/6/2015,25966.98047,61.98,152.2484
30/6/2015,26250.0293,61.89,153.8395
2/7/2015,26282.32031,61.36,155.6295
3/7/2015,26064.10938,61.36,154.2373
6/7/2015,25236.2793,59.91,145.6851
7/7/2015,24975.31055,60.39,143.8951
8/7/2015,23516.56055,58.01,134.0502
9/7/2015,24392.78906,59.78,145.1879
10/7/2015,24901.2793,60.08,148.0717
13/7/2015,25224.00977,60.92,149.6628
14/7/2015,25120.91016,60.48,150.8562
15/7/2015,25055.75977,60.83,149.1656
16/7/2015,25162.7793,61.67,149.1656
17/7/2015,25415.26953,62.02,152.7456
20/7/2015,25404.81055,62.47,154.635
21/7/2015,25536.42969,62.51,155.7289
22/7/2015,25282.61914,61.89,153.6406
23/7/2015,25398.84961,62.07,153.6406
24/7/2015,25128.50977,61.01,150.6573
27/7/2015,24351.96094,59.78,144.7901
28/7/2015,24503.93945,60.75,145.6851
29/7/2015,24619.44922,61.36,143.5968
30/7/2015,24497.98047,61.41,142.0057
31/7/2015,24636.2793,61.5,143.8951
3/8/2015,24411.41992,62.69,143.199
4/8/2015,24406.11914,61.72,142.2046
5/8/2015,24514.16016,62.86,141.6079
6/8/2015,24375.2793,63,140.1162
7/8/2015,24552.4707,62.69,141.3096
10/8/2015,24521.11914,61.67,142.0057
11/8/2015,24498.21094,61.85,140.0168
12/8/2015,23916.01953,60.57,134.1496
13/8/2015,24018.80078,61.13,143.2985
14/8/2015,23991.0293,60.68,142.6023
17/8/2015,23814.65039,60.37,141.2101
18/8/2015,23474.9707,59.88,138.6246
19/8/2015,23167.84961,59.25,138.8235
20/8/2015,22757.4707,58.32,135.4424
21/8/2015,22409.61914,57.91,130.6691
24/8/2015,21251.57031,55.42,124.3047
25/8/2015,21404.96094,55.06,130.1719
26/8/2015,21080.39063,54.08,127.8847
27/8/2015,21838.53906,54.84,131.4646
28/8/2015,21612.39063,54.57,129.973
31/8/2015,21670.58008,54.7,131.0669
1/9/2015,21185.42969,53.99,126.4924
2/9/2015,20934.93945,53.01,126.6913
4/9/2015,20840.60938,53.01,126.6913
7/9/2015,20583.51953,51.94,125.6969
8/9/2015,21259.03906,53.63,128.6802
9/9/2015,22131.31055,55.5,132.8569
10/9/2015,21562.5,54.26,127.8847
11/9/2015,21504.36914,53.94,126.6913
14/9/2015,21561.90039,54.21,127.0891
15/9/2015,21455.23047,53.63,130.4702
16/9/2015,21966.66016,54.7,134.6468
17/9/2015,21854.63086,54.48,133.553
18/9/2015,21920.83008,53.76,134.5474
21/9/2015,21756.92969,53.45,133.0557
22/9/2015,21796.58008,53.72,131.2658
23/9/2015,21302.91016,52.65,130.1719
24/9/2015,21095.98047,52.34,129.973
25/9/2015,21186.32031,52.43,130.2713
29/9/2015,20556.59961,50.91,126.5919
30/9/2015,20846.30078,51.44,128.5808
2/10/2015,21506.08984,52.96,134.7463
5/10/2015,21854.5,54.12,138.9229
6/10/2015,21831.61914,54.08,138.8235
7/10/2015,22515.75977,55.37,141.2101
8/10/2015,22354.91016,55.59,141.3096
9/10/2015,22458.80078,55.91,141.1107
12/10/2015,22730.92969,56.44,143.199
13/10/2015,22600.46094,55.5,142.1051
14/10/2015,22439.91016,55.01,141.8068
15/10/2015,22888.16992,55.5,144.1934
16/10/2015,23067.36914,56,145.7845
19/10/2015,23075.60938,55.82,146.2818
20/10/2015,22989.2207,55.59,146.0829
22/10/2015,22845.36914,54.85,145.4862
23/10/2015,23151.93945,55.21,148.3701
26/10/2015,23116.25,55.44,148.1712
27/10/2015,23142.73047,55.39,148.2706
28/10/2015,22956.57031,54.98,148.9667
29/10/2015,22819.93945,55.21,147.1768
30/10/2015,22640.03906,55.12,145.7845
2/11/2015,22370.03906,54.49,146.6795
3/11/2015,22568.42969,54.67,149.6628
4/11/2015,23053.57031,54.94,152.1489
5/11/2015,23051.03906,55.98,151.4528
6/11/2015,22867.33008,55.03,153.6406
9/11/2015,22726.76953,55.89,151.1545
10/11/2015,22401.69922,55.93,149.5634
11/11/2015,22352.16992,55.84,150.6573
12/11/2015,22888.91992,56.57,154.1378
13/11/2015,22396.14063,55.16,151.3534
16/11/2015,22010.82031,54.58,148.2706
17/11/2015,22264.25,55.07,150.3589
18/11/2015,22188.25977,55.21,150.5578
19/11/2015,22500.2207,56.07,152.2484
20/11/2015,22754.7207,56.88,154.2373
23/11/2015,22665.90039,56.57,154.635
24/11/2015,22587.63086,56.38,155.2317
25/11/2015,22498,55.98,155.53
26/11/2015,22488.93945,56.25,154.8339
27/11/2015,22068.32031,56.02,152.3478
30/11/2015,21996.41992,55.84,153.4417
1/12/2015,22381.34961,56.61,153.4417
2/12/2015,22479.68945,56.79,152.845
3/12/2015,22417.00977,56.52,153.5411
4/12/2015,22235.89063,55.57,150.1601
7/12/2015,22203.2207,55.75,150.0606
8/12/2015,21905.13086,54.98,148.8673
9/12/2015,21803.75977,54.44,149.8617
10/12/2015,21704.60938,54.53,149.5634
11/12/2015,21464.05078,54.26,146.779
14/12/2015,21309.84961,53.72,145.6851
15/12/2015,21274.36914,53.22,146.6795
16/12/2015,21701.21094,54.31,150.9556
17/12/2015,21872.06055,55.84,150.7567
18/12/2015,21755.56055,55.57,150.4584
21/12/2015,21791.67969,55.21,149.464
22/12/2015,21830.01953,55.21,149.9612
23/12/2015,22040.58984,55.62,151.3534
24/12/2015,22138.13086,56.16,150.9556
28/12/2015,21919.61914,55.8,150.0606
29/12/2015,21999.61914,56.29,149.9612
30/12/2015,21882.15039,56.16,149.8617
31/12/2015,21914.40039,55.93,151.6517
4/1/2016,21327.11914,54.58,148.2706
5/1/2016,21188.7207,54.13,146.5801
6/1/2016,20980.81055,53.54,145.1879
7/1/2016,20333.33984,51.78,139.4201
8/1/2016,20453.71094,51.87,141.8068
11/1/2016,19888.5,50.92,137.2324
12/1/2016,19711.75977,51.05,135.343
13/1/2016,19934.88086,51.55,136.6357
14/1/2016,19817.41016,50.87,136.3374
15/1/2016,19520.76953,50.69,136.2379
18/1/2016,19237.44922,49.11,135.2435
19/1/2016,19635.81055,49.2,139.0224
20/1/2016,18886.30078,48.03,134.6468
21/1/2016,18542.15039,46.9,132.3596
22/1/2016,19080.50977,47.76,138.2268
25/1/2016,19340.14063,48.43,143.4973
26/1/2016,18860.80078,46.81,141.0112
27/1/2016,19052.44922,47.8,139.7185
28/1/2016,19195.83008,48.21,140.8124
29/1/2016,19683.10938,49.25,144.094
1/2/2016,19595.5,49.38,146.1823
2/2/2016,19446.83984,48.93,144.7901
3/2/2016,18991.58984,47.21,140.8124
4/2/2016,19183.08984,46.99,141.1107
5/2/2016,19288.16992,47.3,143.0996
11/2/2016,18545.80078,44.73,135.1441
12/2/2016,18319.58008,43.46,132.5585
15/2/2016,18918.14063,45.41,137.4313
16/2/2016,19122.08008,45.5,138.5251
17/2/2016,18924.57031,44.73,137.4313
18/2/2016,19363.08008,46.04,141.5085
19/2/2016,19285.5,45.41,140.4146
22/2/2016,19464.08984,44.41,140.9118
23/2/2016,19414.7793,44.41,141.1107
24/2/2016,19192.44922,44.01,139.619
25/2/2016,18888.75,43.15,138.2268
26/2/2016,19364.15039,44.77,141.9062
29/2/2016,19111.92969,44.86,141.1107
1/3/2016,19407.46094,45.23,143.6962
2/3/2016,20003.49023,45.99,147.4751
3/3/2016,19941.75977,46.35,146.779
4/3/2016,20176.69922,46.91,146.3812
7/3/2016,20159.7207,46.35,145.6851
8/3/2016,20011.58008,45.97,145.4862
9/3/2016,19996.25977,46.72,144.8895
10/3/2016,19984.41992,46.86,144.1934
11/3/2016,20199.59961,46.95,147.2762
14/3/2016,20435.33984,47.33,152.4473
15/3/2016,20288.76953,46.86,150.4584
16/3/2016,20257.69922,46.53,150.0606
17/3/2016,20503.81055,47.09,151.4528
18/3/2016,20671.63086,46.67,157.0217
21/3/2016,20684.15039,46.95,157.2206
22/3/2016,20666.75,46.67,158.6128
23/3/2016,20615.23047,46.21,158.8117
24/3/2016,20345.60938,45.55,157.9167
29/3/2016,20366.30078,45.37,156.425
30/3/2016,20803.39063,45.79,157.32
31/3/2016,20776.69922,45.18,157.5189
1/4/2016,20498.91992,44.76,157.6183
5/4/2016,20177,43.64,155.7289
6/4/2016,20206.66992,42.89,158.1156
7/4/2016,20266.05078,42.75,160.9
8/4/2016,20370.40039,42.94,159.11
11/4/2016,20440.81055,43.13,158.6128
12/4/2016,20504.43945,42.89,159.11
13/4/2016,21158.71094,44.85,163.585
14/4/2016,21337.81055,45.74,164.0822
15/4/2016,21316.4707,46.02,164.3805
18/4/2016,21161.5,45.69,164.7783
19/4/2016,21436.21094,47.37,164.7783
20/4/2016,21236.31055,47.28,160.9994
21/4/2016,21622.25,49.38,162.5905
22/4/2016,21467.03906,48.68,161.8944
25/4/2016,21304.43945,48.03,159.0106
26/4/2016,21407.26953,48.77,160.9
27/4/2016,21361.59961,49.15,158.6128
28/4/2016,21388.0293,48.73,160.1044
29/4/2016,21067.05078,48.35,158.0161
3/5/2016,20676.93945,48.07,154.4361
4/5/2016,20525.83008,46.81,153.6406
5/5/2016,20449.82031,46.16,152.3478
6/5/2016,20109.86914,45.13,153.0439
9/5/2016,20156.81055,45.18,154.2373
10/5/2016,20242.67969,45.51,155.53
11/5/2016,20055.28906,44.99,155.6295
12/5/2016,19915.46094,44.62,153.3423
13/5/2016,19719.28906,44.15,154.2373
16/5/2016,19883.94922,44.76,159.0106
17/5/2016,20118.80078,45.93,161.9939
18/5/2016,19826.41016,45.27,160.2039
19/5/2016,19694.33008,46.72,156.3256
20/5/2016,19852.19922,46.2,158.091
23/5/2016,19809.0293,45.72,158.6895
24/5/2016,19830.42969,46.01,160.0859
25/5/2016,20368.05078,47.76,164.0755
26/5/2016,20397.10938,48.24,163.3773
27/5/2016,20576.76953,48.24,170.7582
30/5/2016,20629.39063,48.19,169.4616
31/5/2016,20815.08984,48.57,172.8528
1/6/2016,20760.98047,47.76,169.9603
2/6/2016,20859.2207,47.91,169.7608
3/6/2016,20947.24023,48.19,170.3593
6/6/2016,21030.2207,47.53,173.3515
7/6/2016,21328.24023,48.24,176.1443
8/6/2016,21297.88086,47.91,175.4461
10/6/2016,21042.64063,46.82,174.6482
13/6/2016,20512.99023,45.44,169.0626
14/6/2016,20387.5293,44.82,167.8657
15/6/2016,20467.51953,44.92,172.5536
16/6/2016,20038.41992,44.02,168.3644
17/6/2016,20169.98047,45.25,168.4642
20/6/2016,20510.19922,46.82,170.2595
21/6/2016,20668.43945,47.24,172.4539
22/6/2016,20795.11914,47.72,176.643
23/6/2016,20868.33984,48.19,175.6456
24/6/2016,20259.13086,45.01,173.3515
27/6/2016,20227.30078,44.25,170.459
28/6/2016,20172.46094,43.97,170.0601
29/6/2016,20436.11914,44.54,171.9551
30/6/2016,20794.36914,44.92,175.6456
4/7/2016,21059.19922,45.68,178.4384
5/7/2016,20750.7207,44.92,175.9448
6/7/2016,20495.28906,44.4,173.8502
7/7/2016,20706.91992,44.59,175.8451
8/7/2016,20564.16992,44.44,176.5433
11/7/2016,20880.5,45.16,179.5355
12/7/2016,21224.74023,45.91,180.4332
13/7/2016,21322.36914,46.15,180.7324
14/7/2016,21561.06055,46.77,183.0265
15/7/2016,21659.25,47.05,184.3232
18/7/2016,21803.17969,47.2,184.5226
19/7/2016,21673.19922,46.96,182.827
20/7/2016,21882.48047,47.67,185.1211
21/7/2016,22000.49023,47.86,184.1237
22/7/2016,21964.26953,47.76,184.7221
25/7/2016,21993.43945,47.67,187.5149
26/7/2016,22129.73047,47.67,185.8193
27/7/2016,22218.99023,48,188.5123
28/7/2016,22174.33984,48.19,188.5123
29/7/2016,21891.36914,47.95,186.0188
1/8/2016,22129.14063,48.19,184.0239
3/8/2016,21739.11914,48.95,181.0317
4/8/2016,21832.23047,50.28,182.1288
5/8/2016,22146.08984,50.75,184.1237
8/8/2016,22494.75977,51.7,188.3128
9/8/2016,22465.60938,51.56,187.7144
10/8/2016,22492.42969,51.94,187.5149
11/8/2016,22580.55078,52.25,188.2131
12/8/2016,22766.91016,52.54,187.3154
15/8/2016,22932.50977,52.49,190.6069
16/8/2016,22910.83984,52.16,194.8958
17/8/2016,22799.7793,52.54,192.502
18/8/2016,23023.16016,53.12,202.4762
19/8/2016,22937.2207,52.83,201.2793
22/8/2016,22997.91016,53.07,204.2715
23/8/2016,22998.92969,53.12,203.0746
24/8/2016,22820.7793,53.12,200.4814
25/8/2016,22814.94922,53.36,198.9852
26/8/2016,22909.53906,53.79,199.8829
29/8/2016,22821.33984,53.55,200.8803
30/8/2016,23016.10938,54.08,204.2715
31/8/2016,22976.88086,55.33,201.2793
1/9/2016,23162.33984,56.87,202.0772
2/9/2016,23266.69922,56.77,201.2793
5/9/2016,23649.55078,57.69,209.6576
6/9/2016,23787.67969,57.64,214.4452
7/9/2016,23741.81055,56.82,212.6499
8/9/2016,23919.33984,57.06,214.4452
9/9/2016,24099.69922,57.54,213.2483
12/9/2016,23290.59961,56.05,206.4659
13/9/2016,23215.75977,55.81,207.4633
14/9/2016,23190.64063,55.23,208.0617
15/9/2016,23335.58984,56.15,209.2586
19/9/2016,23550.44922,56.44,208.8597
20/9/2016,23530.85938,56.73,208.4607
21/9/2016,23669.90039,57.16,210.655
22/9/2016,23759.80078,56.34,214.0463
23/9/2016,23686.48047,55.86,217.637
26/9/2016,23317.91992,55.19,212.4504
27/9/2016,23571.90039,55.91,215.2432
28/9/2016,23619.65039,55.96,216.0411
29/9/2016,23739.4707,55.96,217.0385
30/9/2016,23297.15039,54.99,212.4504
3/10/2016,23584.42969,55.86,216.2406
4/10/2016,23689.43945,56.53,216.839
5/10/2016,23788.31055,56.77,216.839
6/10/2016,23952.5,57.11,216.839
7/10/2016,23851.82031,56.73,215.6421
11/10/2016,23549.51953,56.73,215.2432
12/10/2016,23407.05078,56.49,212.8493
13/10/2016,23031.30078,55.57,209.4581
14/10/2016,23233.31055,56.29,208.4607
17/10/2016,23037.53906,55.86,208.2612
18/10/2016,23394.39063,56.77,211.8519
19/10/2016,23304.9707,56.82,212.2509
20/10/2016,23374.40039,57.34,213.6473
24/10/2016,23604.08008,57.92,214.8442
25/10/2016,23565.10938,57.77,214.2457
26/10/2016,23325.42969,57.34,211.6524
27/10/2016,23132.34961,57.24,210.0566
28/10/2016,22954.81055,56.9,207.4633
31/10/2016,22934.53906,56.9,205.269
1/11/2016,23147.07031,56.99,206.6653
2/11/2016,22810.5,56.26,203.8726
3/11/2016,22683.50977,56.17,201.4788
4/11/2016,22642.61914,56.02,199.4839
7/11/2016,22801.40039,57.68,203.6731
8/11/2016,22909.4707,57.63,205.0695
9/11/2016,22415.18945,56.56,201.8777
10/11/2016,22839.10938,58.51,207.6628
11/11/2016,22531.08984,59.63,199.4839
14/11/2016,22222.2207,59.14,192.103
15/11/2016,22323.91016,60.07,192.7015
16/11/2016,22280.5293,59.92,196.3919
17/11/2016,22262.88086,58.9,194.2974
18/11/2016,22344.21094,59.58,194.8958
21/11/2016,22357.7793,59.29,193.1005
22/11/2016,22678.07031,60.16,195.2948
23/11/2016,22676.68945,59.92,193.7986
24/11/2016,22608.49023,59.92,191.7041
25/11/2016,22723.44922,60.07,192.502
28/11/2016,22830.57031,59.97,194.7961
29/11/2016,22737.07031,59.09,192.502
30/11/2016,22789.76953,59.53,193.2002
1/12/2016,22878.23047,59.63,193.9981
2/12/2016,22564.82031,59.63,190.5072
5/12/2016,22505.55078,59.77,189.5097
6/12/2016,22675.15039,61.82,189.41
7/12/2016,22800.91992,63.87,189.7092
8/12/2016,22861.83984,63.72,190.4074
9/12/2016,22760.98047,64.11,187.7144
12/12/2016,22433.01953,62.99,184.6224
13/12/2016,22446.69922,62.31,185.8193
14/12/2016,22456.61914,62.94,186.318
15/12/2016,22059.40039,62.41,183.5252
16/12/2016,22020.75,62.36,183.4255
19/12/2016,21832.67969,62.16,181.7299
20/12/2016,21729.06055,60.94,181.2311
21/12/2016,21809.80078,61.53,181.7299
22/12/2016,21636.19922,60.99,181.0317
23/12/2016,21574.75977,60.65,179.2363
28/12/2016,21754.74023,60.41,183.1263
29/12/2016,21790.91016,60.41,187.1159
30/12/2016,22000.56055,60.7,189.2105
3/1/2017,22150.40039,61.43,188.9113
4/1/2017,22134.4707,61.87,188.5123
5/1/2017,22456.68945,62.31,192.8012
6/1/2017,22503.00977,62.16,194.5966
9/1/2017,22558.68945,62.11,195.0953
10/1/2017,22744.84961,61.77,197.4891
11/1/2017,22935.34961,62.26,200.2819
12/1/2017,22829.01953,62.36,198.287
13/1/2017,22937.38086,62.41,199.1847
16/1/2017,22718.15039,61.63,196.1924
17/1/2017,22840.9707,62.6,197.1899
18/1/2017,23098.25977,63.09,199.1847
19/1/2017,23049.96094,63.33,198.9852
20/1/2017,22885.91016,62.89,197.1899
23/1/2017,22898.51953,62.89,197.2896
24/1/2017,22949.85938,62.94,197.2896
25/1/2017,23049.11914,63.87,200.2819
26/1/2017,23374.16992,65.04,204.471
27/1/2017,23360.7793,65.09,203.8726
1/2/2017,23318.39063,64.7,206.0669
2/2/2017,23184.51953,64.6,204.6705
3/2/2017,23129.21094,64.16,204.471
6/2/2017,23348.24023,64.7,206.8648
7/2/2017,23331.57031,64.55,204.87
8/2/2017,23485.13086,64.84,203.4736
9/2/2017,23525.14063,64.55,203.6731
10/2/2017,23574.98047,65.38,202.0772
13/2/2017,23710.98047,65.23,203.0746
14/2/2017,23703.00977,65.33,202.2767
15/2/2017,23994.86914,66.01,206.0669
16/2/2017,24107.69922,66.6,211.453
17/2/2017,24033.74023,66.6,211.6524
20/2/2017,24146.08008,67.28,213.4478
21/2/2017,23963.63086,63.92,210.4555
22/2/2017,24201.96094,63.82,214.4452
23/2/2017,24114.85938,64.05,214.2457
24/2/2017,23965.69922,63.55,210.655
27/2/2017,23925.05078,63,209.6576
28/2/2017,23740.73047,62.5,206.4659
1/3/2017,23776.49023,62.9,206.2664
2/3/2017,23728.07031,63.55,205.8674
3/3/2017,23552.7207,63.25,206.6653
6/3/2017,23596.2793,63.2,208.6602
7/3/2017,23681.07031,63.2,211.2535
8/3/2017,23782.26953,63.15,211.6524
9/3/2017,23501.56055,62.85,209.2586
10/3/2017,23568.66992,63,211.8519
13/3/2017,23829.66992,64.35,214.8442
14/3/2017,23827.94922,63.5,214.0463
15/3/2017,23792.84961,63.7,214.0463
16/3/2017,24288.2793,64.35,220.2303
17/3/2017,24309.92969,64.15,221.4272
20/3/2017,24501.99023,63.5,227.6112
21/3/2017,24593.11914,63.7,228.2096
22/3/2017,24320.41016,63.1,224.6189
23/3/2017,24327.69922,63,222.4246
24/3/2017,24358.26953,63,224.6189
27/3/2017,24193.69922,62.75,224.2199
28/3/2017,24345.86914,63.3,225.4168
29/3/2017,24392.05078,63.55,227.4117
30/3/2017,24301.08984,63.5,224.6189
31/3/2017,24111.58984,63.3,222.2251
3/4/2017,24261.48047,63.45,224.6189
5/4/2017,24400.80078,63.3,228.2096
6/4/2017,24273.7207,63.2,227.4117
7/4/2017,24267.30078,63.3,226.8132
10/4/2017,24262.17969,63.4,225.8158
11/4/2017,24088.46094,63.7,224.4194
12/4/2017,24313.5,64.2,230.4039
13/4/2017,24261.66016,63.35,230.005
18/4/2017,23924.4995,62.4,227.4117
19/4/2017,23825.88086,62.1,229.606
20/4/2017,24056.98047,62.25,235.9895
